Scheme Code;Scheme Name;ISIN Div Payout/ISIN Growth;ISIN Div Reinvestment;Net Asset Value;Repurchase Price;Sale Price;Date

Open Ended Schemes ( Debt Scheme - Overnight Fund )


360 ONE Mutual Fund
153703;360 ONE Overnight Fund - Direct Plan - Growth;INF579M01BG4;;1049.3054;;;07-Jun-2026
153700;360 ONE Overnight Fund - Regular Plan - Growth;INF579M01BD1;;1048.5415;;;07-Jun-2026
153702;360 ONE Overnight Fund - Regular Plan - IDCW;INF579M01BE9;INF579M01BF6;1048.5415;;;07-Jun-2026
153701;360 ONE Overnight Fund- Direct Plan - IDCW;INF579M01BH2;INF579M01BI0;1049.3054;;;07-Jun-2026

Aditya Birla Sun Life Mutual Fund
145488;ADITYA BIRLA SUN LIFE OVERNIGHT FUND-  Direct - Monthly Payout of IDCW;INF209KB1ZL4;;1001.2969;;;07-Jun-2026
145489;ADITYA BIRLA SUN LIFE OVERNIGHT FUND-  Direct - Weekly Reinvestment of IDCW;;INF209KB1ZJ8;1000.3086;;;07-Jun-2026
145482;ADITYA BIRLA SUN LIFE OVERNIGHT FUND-  Regular - Weekly Reinvestment of IDCW option;;INF209KB1ZE9;1000.2975;;;07-Jun-2026
145487;ADITYA BIRLA SUN LIFE OVERNIGHT FUND- Direct - Daily Reinvestment of IDCW;;INF209KB1ZI0;1000.02;;;07-Jun-2026
145483;ADITYA BIRLA SUN LIFE OVERNIGHT FUND- Regular - Daily Reinvestment of IDCW;;INF209KB1ZD1;1000.02;;;07-Jun-2026
145485;ADITYA BIRLA SUN LIFE OVERNIGHT FUND- Regular- Monthly Payout of IDCW option;INF209KB1ZG4;;1001.2698;;;07-Jun-2026
145486;ADITYA BIRLA SUN LIFE OVERNIGHT FUND-DIRECT PLAN-GROWTH;INF209KB1ZH2;;1470.5376;;;07-Jun-2026
145481;ADITYA BIRLA SUNLIFE OVERNIGHT FUND-REGULAR PLAN-GROWTH;INF209KB1ZC3;;1457.8168;;;07-Jun-2026

Axis Mutual Fund
146679;Axis Overnight Fund - Direct Plan - Daily IDCW;;INF846K01N99;1000.5073;;;07-Jun-2026
146675;Axis Overnight Fund - Direct Plan - Growth Option;INF846K01N65;;1439.3461;;;07-Jun-2026
146677;Axis Overnight Fund - Direct Plan - Monthly IDCW;INF846K01N73;INF846K01N81;1002.6973;;;07-Jun-2026
146676;Axis Overnight Fund - Direct Plan - Weekly IDCW;INF846K01N40;INF846K01N57;1001.5447;;;07-Jun-2026
146682;Axis Overnight Fund - Regular Plan - Daily IDCW;;INF846K01O56;1000.5032;;;07-Jun-2026
146678;Axis Overnight Fund - Regular Plan - Growth Option;INF846K01O23;;1433.9196;;;07-Jun-2026
146681;Axis Overnight Fund - Regular Plan - Monthly IDCW;INF846K01O31;INF846K01O49;1002.6760;;;07-Jun-2026
146680;Axis Overnight Fund - Regular Plan - Weekly IDCW;INF846K01O07;INF846K01O15;1001.5114;;;07-Jun-2026

Bajaj Finserv Mutual Fund
153437;Bajaj Finserv Overnight Fund - Direct - Unclaimed less than 3 years IDCW Plan;INF0QA701AE3;;1060.0862;;;07-Jun-2026
153438;Bajaj Finserv Overnight Fund - Direct - Unclaimed less than 3 years Redemption Plan;INF0QA701AF0;;1066.2544;;;07-Jun-2026
151843;Bajaj Finserv Overnight Fund - Direct Plan - Daily - IDCW;;INF0QA701185;1033.1412;;;07-Jun-2026
151850;Bajaj Finserv Overnight Fund - Direct Plan - Fortnightly - IDCW;INF0QA701235;INF0QA701201;1034.0175;;;07-Jun-2026
151849;Bajaj Finserv Overnight Fund - Direct Plan - Growth;INF0QA701177;;1193.0177;;;07-Jun-2026
151845;Bajaj Finserv Overnight Fund - Direct Plan - Monthly - IDCW;INF0QA701243;INF0QA701219;1036.5215;;;07-Jun-2026
151844;Bajaj Finserv Overnight Fund - Direct Plan - Weekly - IDCW;INF0QA701227;INF0QA701193;1034.0061;;;07-Jun-2026
151852;Bajaj Finserv Overnight Fund - Regular Plan - Daily - IDCW;;INF0QA701292;1032.8859;;;07-Jun-2026
151847;Bajaj Finserv Overnight Fund - Regular Plan - Fortnightly - IDCW;INF0QA701318;INF0QA701276;1033.7612;;;07-Jun-2026
151851;Bajaj Finserv Overnight Fund - Regular Plan - Growth;INF0QA701250;;1191.2742;;;07-Jun-2026
151848;Bajaj Finserv Overnight Fund - Regular Plan - Monthly - IDCW;INF0QA701326;INF0QA701284;1036.2556;;;07-Jun-2026
151846;Bajaj Finserv Overnight Fund - Regular Plan - Weekly - IDCW;INF0QA701300;INF0QA701268;1033.7245;;;07-Jun-2026

Bandhan Mutual Fund
146190;BANDHAN Overnight Fund - Direct Plan - Daily IDCW;INF194KB1462;INF194KB1470;1000.0098;;;07-Jun-2026
146191;BANDHAN Overnight Fund - Direct Plan - Growth;INF194KB1447;;1450.1198;;;07-Jun-2026
146183;BANDHAN Overnight Fund - Direct Plan - Monthly IDCW;INF194KB1496;INF194KB1504;1001.5678;;;07-Jun-2026
146184;BANDHAN Overnight Fund - Direct Plan - Periodic IDCW;INF194KB1520;INF194KB1538;1321.4582;;;07-Jun-2026
146192;BANDHAN Overnight Fund - Direct Plan - Weekly IDCW;INF194KB1553;INF194KB1561;1000.2905;;;07-Jun-2026
146188;BANDHAN Overnight Fund - Regular Plan - Daily IDCW;INF194KB1330;INF194KB1348;1000.0098;;;07-Jun-2026
146187;BANDHAN Overnight Fund - Regular Plan - Growth;INF194KB1314;;1438.6397;;;07-Jun-2026
146185;BANDHAN Overnight Fund - Regular Plan - Monthly IDCW;INF194KB1363;INF194KB1371;1001.5369;;;07-Jun-2026
146189;BANDHAN Overnight Fund - Regular Plan - Weekly IDCW;INF194KB1421;INF194KB1439;1001.1931;;;07-Jun-2026
146186;BANDHAN Overnight Fund - REGULAR PLAN PERIODIC IDCW;INF194KB1397;INF194KB1405;1316.3873;;;07-Jun-2026

Bank of India Mutual Fund
147951;BANK OF INDIA Overnight Fund Direct Plan Growth;INF761K01EU7;;1383.2097;;;07-Jun-2026
147952;BANK OF INDIA Overnight Fund Direct Plan- Daily IDCW;;INF761K01EV5;1000.0000;;;07-Jun-2026
147948;BANK OF INDIA Overnight Fund Direct Plan- Monthly IDCW;INF761K01EY9;INF761K01EX1;1001.6891;;;07-Jun-2026
147936;BANK OF INDIA Overnight Fund Regular Plan Growth;INF761K01EZ6;;1379.0338;;;07-Jun-2026
147953;BANK OF INDIA Overnight Fund Regular Plan- Daily IDCW;;INF761K01FA6;1000.0000;;;07-Jun-2026
147949;BANK OF INDIA Overnight Fund Regular Plan- Monthly IDCW;INF761K01FD0;INF761K01FC2;1001.6749;;;07-Jun-2026
149412;BANK OF INDIA Overnight Fund Unclaimed IDCW Plan - Greater than 3 Years;;;1000.0000;;;07-Jun-2026
149414;BANK OF INDIA Overnight Fund Unclaimed IDCW Plan - Up to 3 Years;;;1300.5061;;;07-Jun-2026
149415;BANK OF INDIA Overnight Fund Unclaimed Redemption Plan - Greater than 3 Years;;;1000.0000;;;07-Jun-2026
149413;BANK OF INDIA Overnight Fund Unclaimed Redemption Plan - Upto 3 Years;;;1300.7918;;;07-Jun-2026

Baroda BNP Paribas Mutual Fund
147197;Baroda BNP Paribas Overnight Fund - Direct Plan - Daily IDCW;;INF955L01HW2;1000.0028;;;07-Jun-2026
147196;Baroda BNP Paribas Overnight Fund - Direct Plan - Growth;INF955L01HV4;;1428.2696;;;07-Jun-2026
147195;Baroda BNP Paribas Overnight Fund - Direct Plan - Weekly IDCW;;INF955L01HX0;1000.8094;;;07-Jun-2026
149988;Baroda BNP Paribas Overnight Fund - Plan C - Unclaimed IDCW - Greater than 3 years;;;1000.0000;;;07-Jun-2026
149991;Baroda BNP Paribas Overnight Fund - Plan C - Unclaimed IDCW - Up to 3 years;;;1281.4824;;;07-Jun-2026
149990;Baroda BNP Paribas Overnight Fund - Plan C - Unclaimed Redemption - Greater than 3 years;;;1000.0000;;;07-Jun-2026
149989;Baroda BNP Paribas Overnight Fund - Plan C - Unclaimed Redemption - Up to 3 years;;;1281.4525;;;07-Jun-2026
147194;Baroda BNP Paribas Overnight Fund - Regular Plan - Daily IDCW;;INF955L01HT8;1000.0018;;;07-Jun-2026
147193;Baroda BNP Paribas Overnight Fund - Regular Plan - Growth;INF955L01HS0;;1421.5747;;;07-Jun-2026
147198;Baroda BNP Paribas Overnight Fund - Regular Plan - Weekly IDCW;;INF955L01HU6;1001.2925;;;07-Jun-2026

Canara Robeco Mutual Fund
147532;CANARA ROBECO OVERNIGHT FUND - DIRECT PLAN - DAILY IDCW (Reinvestment);;INF760K01JN3;1001.0012;;;07-Jun-2026
147531;CANARA ROBECO OVERNIGHT FUND - DIRECT PLAN - GROWTH OPTION;INF760K01JM5;;1403.4451;;;07-Jun-2026
147533;CANARA ROBECO OVERNIGHT FUND - REGULAR PLAN - DAILY IDCW (Reinvestment);;INF760K01JP8;1001.0000;;;07-Jun-2026
147534;CANARA ROBECO OVERNIGHT FUND - REGULAR PLAN - GROWTH OPTION;INF760K01JO1;;1401.9155;;;07-Jun-2026

DSP Mutual Fund
146062;DSP Overnight Fund - Direct Plan - Growth;INF740KA1MC8;;1456.4560;;;07-Jun-2026
146065;DSP Overnight Fund - Direct Plan - IDCW - Daily;;INF740KA1OR2;1000.0099;;;07-Jun-2026
146061;DSP Overnight Fund - Regular Plan - Growth;INF740KA1MB0;;1447.8674;;;07-Jun-2026
146066;DSP Overnight Fund - Regular Plan - IDCW - Daily;;INF740KA1OU6;1000.0099;;;07-Jun-2026
146063;DSP Overnight Fund - Regular Plan - IDCW - Weekly;INF740KA1OV4;INF740KA1OW2;1000.8248;;;07-Jun-2026
149313;Unclaimed IDCW - Beyond 3 years (Invested in DSP Overnight Fund);;;10.0000;;;07-Jun-2026
149312;Unclaimed IDCW - Upto 3 years (Invested in DSP Overnight Fund);;;12.9737;;;07-Jun-2026
149311;Unclaimed Redemption - Beyond 3 years (Invested in DSP Overnight Fund);;;10.0000;;;07-Jun-2026
149310;Unclaimed Redemption - Upto 3 years (Invested in DSP Overnight Fund);;;12.9737;;;07-Jun-2026

Edelweiss Mutual Fund
147551;Edelweiss Overnight Fund - Direct Plan - Annual - IDCW Option;INF754K01KD5;INF754K01KC7;1406.9275;;;07-Jun-2026
147557;Edelweiss Overnight Fund - Direct Plan - Daily - IDCW Option;;INF754K01JW7;1000.2275;;;07-Jun-2026
147550;Edelweiss Overnight Fund - Direct Plan - Fortnightly - IDCW Option;INF754K01JZ0;INF754K01JY3;1367.4324;;;07-Jun-2026
147570;Edelweiss Overnight Fund - Direct Plan - Growth;INF754K01JV9;;1406.4614;;;07-Jun-2026
147554;Edelweiss Overnight Fund - Direct Plan - Monthly - IDCW Option;INF754K01KB9;INF754K01KA1;1059.4647;;;07-Jun-2026
147558;Edelweiss Overnight Fund - Direct Plan - Weekly - IDCW Option;;INF754K01JX5;1379.3106;;;07-Jun-2026
147556;Edelweiss Overnight Fund - Regular Plan - Annual - IDCW Option;INF754K01KM6;INF754K01KL8;1401.1855;;;07-Jun-2026
147552;Edelweiss Overnight Fund - Regular Plan - Daily - IDCW Option;;INF754K01KF0;1008.3702;;;07-Jun-2026
147549;Edelweiss Overnight Fund - Regular Plan - Fortnightly - IDCW Option;INF754K01KI4;INF754K01KH6;1096.6944;;;07-Jun-2026
147569;Edelweiss Overnight Fund - Regular Plan - Growth;INF754K01KE3;;1401.1741;;;07-Jun-2026
147555;Edelweiss Overnight Fund - Regular Plan - Monthly - IDCW Option;INF754K01KK0;INF754K01KJ2;1006.273;;;07-Jun-2026
147553;Edelweiss Overnight Fund - Regular Plan - Weekly - IDCW Option;;INF754K01KG8;1017.2647;;;07-Jun-2026
149476;Edelweiss Overnight Fund - Unclaimed IDCW Plan - Above 3 years;;;1000;;;07-Jun-2026
149477;Edelweiss Overnight Fund - Unclaimed IDCW Plan - Upto 3 years;;;1286.8364;;;07-Jun-2026
149479;Edelweiss Overnight Fund - Unclaimed Redemption Plan - Above 3 years;;;1000;;;07-Jun-2026
149478;Edelweiss Overnight Fund - Unclaimed Redemption Plan - Upto 3 years;;;1286.8348;;;07-Jun-2026

Franklin Templeton Mutual Fund
147215;Franklin India Overnight Fund - Daily Dividend Plan - Daily - IDCW;;INF090I01SM2;1000.0001;;;07-Jun-2026
147212;Franklin India Overnight Fund - Direct Daily Dividend Plan - Daily - IDCW;;INF090I01ST7;1000.0007;;;07-Jun-2026
147211;Franklin India Overnight Fund - Direct Weekly Dividend Plan - Weekly - IDCW;INF090I01SR1;INF090I01SQ3;1000.0026;;;07-Jun-2026
147216;Franklin India Overnight Fund - Weekly Dividend Plan - Weekly - IDCW;INF090I01SN0;INF090I01SP5;1000.0066;;;07-Jun-2026
147213;Franklin India Overnight fund- Growth;INF090I01SO8;;1413.5444;;;07-Jun-2026
147214;Franklin India Overnight Fund- Growth - Direct;INF090I01SS9;;1418.4450;;;07-Jun-2026
149445;Franklin India Overnight Fund- Unclaimed IDCW Investor Education Plan;;;10.0000;;;07-Jun-2026
149443;Franklin India Overnight Fund- Unclaimed IDCW Plan;;;12.8740;;;07-Jun-2026
149444;Franklin India Overnight Fund- Unclaimed Redemption Investor EducationPlan;;;10.0000;;;07-Jun-2026
149446;Franklin India Overnight Fund- Unclaimed Redemption Plan;;;12.8740;;;07-Jun-2026

Groww Mutual Fund
147458;Groww Overnight Fund (formerly known as Indiabulls Overnight Fund)- Direct Plan- - Income Distribution cum capital withdrawal Option ( Reinvestment);;INF666M01GM6;1001.473;;;07-Jun-2026
147452;Groww Overnight Fund (formerly known as Indiabulls Overnight Fund)- Direct Plan- Fortnightly - Income Distribution cum capital withdrawal Option (Payout & Reinvestment);INF666M01GP9;INF666M01GQ7;1216.9403;;;07-Jun-2026
147450;Groww Overnight Fund (formerly known as Indiabulls Overnight Fund)- Direct Plan- Growth Option;INF666M01GL8;;1400.6965;;;07-Jun-2026
147453;Groww Overnight Fund (formerly known as Indiabulls Overnight Fund)- Direct Plan- Monthly - Income Distribution cum capital withdrawal Option (Payout & Reinvestment);INF666M01GR5;INF666M01GS3;1002.1886;;;07-Jun-2026
147451;Groww Overnight Fund (formerly known as Indiabulls Overnight Fund)- Direct Plan- Weekly - Income Distribution cum capital withdrawal Option (Payout & Reinvestment);INF666M01GN4;INF666M01GO2;1002.1042;;;07-Jun-2026
147455;Groww Overnight Fund (formerly known as Indiabulls Overnight Fund)- Regular Plan- - Income Distribution cum capital withdrawal Option ( Reinvestment);;INF666M01GU9;1001.0488;;;07-Jun-2026
147457;Groww Overnight Fund (formerly known as Indiabulls Overnight Fund)- Regular Plan- Fortnightly - Income Distribution cum capital withdrawal Option (Payout & Reinvestment);INF666M01GX3;INF666M01GY1;1002.7029;;;07-Jun-2026
147454;Groww Overnight Fund (formerly known as Indiabulls Overnight Fund)- Regular Plan- Growth Option;INF666M01GT1;;1391.6065;;;07-Jun-2026
147459;Groww Overnight Fund (formerly known as Indiabulls Overnight Fund)- Regular Plan- Monthly - Income Distribution cum capital withdrawal Option (Payout & Reinvestment);INF666M01GZ8;INF666M01HA9;1002.0968;;;07-Jun-2026
147456;Groww Overnight Fund (formerly known as Indiabulls Overnight Fund)- Regular Plan- Weekly - Income Distribution cum capital withdrawal Option (Payout & Reinvestment);INF666M01GV7;INF666M01GW5;1001.6957;;;07-Jun-2026
149394;Groww Overnight Fund (formerly known as Indiabulls Overnight Fund)- Unclaimed Dividend < 3 years;;;1299.5897;;;07-Jun-2026
149396;Groww Overnight Fund (formerly known as Indiabulls Overnight Fund)- Unclaimed Redemption < 3 Years;;;1285.3049;;;07-Jun-2026
149395;Groww Overnight Fund (formerly known as Indiabulls Overnight Fund)- Unclaimed Redemption > 3 Years;;;1000;;;07-Jun-2026

HDFC Mutual Fund
119109;HDFC Overnight Fund - Daily IDCW Option - Direct Plan;;INF179KB1HY1;1042.66;;;07-Jun-2026
101996;HDFC Overnight Fund - Growth Option;INF179KB1HS3;;3988.3384;;;07-Jun-2026
119110;HDFC Overnight Fund - Growth Option - Direct Plan;INF179KB1HT1;;4030.4486;;;07-Jun-2026
101997;HDFC Overnight Fund - IDCW Option (Daily);;INF179KB1IF8;1042.66;;;07-Jun-2026

Helios Mutual Fund
152151;Helios Overnight Fund - Direct Plan - Daily IDCW Option;INF0R8701087;;1000.0000;;;07-Jun-2026
152152;Helios Overnight Fund - Direct Plan - Growth Option;INF0R8701079;;1165.9919;;;07-Jun-2026
152154;Helios Overnight Fund - Regular Plan - Daily IDCW Option;INF0R8701103;;1000.0000;;;07-Jun-2026
152153;Helios Overnight Fund - Regular Plan - Growth Option;INF0R8701095;;1164.4722;;;07-Jun-2026

HSBC Mutual Fund
147291;HSBC Overnight Fund - Direct Daily IDCW;;INF336L01OG4;1000.0149;;;07-Jun-2026
147287;HSBC Overnight Fund - Direct Growth;INF336L01OF6;;1422.8831;;;07-Jun-2026
147300;HSBC Overnight Fund - Direct Monthly IDCW;INF336L01OK6;INF336L01OI0;1001.8361;;;07-Jun-2026
147296;HSBC Overnight Fund - Direct Weekly IDCW;INF336L01OJ8;INF336L01OH2;1000.7218;;;07-Jun-2026
147289;HSBC Overnight Fund - Regular Daily IDCW;;INF336L01OM2;1000.0149;;;07-Jun-2026
147290;HSBC Overnight Fund - Regular Growth;INF336L01OL4;;1410.7956;;;07-Jun-2026
147301;HSBC Overnight Fund - Regular Monthly IDCW;INF336L01OQ3;INF336L01OO8;1001.8075;;;07-Jun-2026
147288;HSBC Overnight Fund - Regular Weekly IDCW;INF336L01OP5;INF336L01ON0;1000.7275;;;07-Jun-2026
150501;HSBC Overnight Fund - Unclaimed IDCW Above three years;;;1000;;;07-Jun-2026
150499;HSBC Overnight Fund - Unclaimed IDCW Below three years;;;1262.7975;;;07-Jun-2026
150500;HSBC Overnight Fund - Unclaimed Redemption above three years;;;1000;;;07-Jun-2026
150502;HSBC Overnight Fund - Unclaimed Redemption Below three years;;;1262.817;;;07-Jun-2026

ICICI Prudential Mutual Fund
145547;ICICI Prudential Overnight Fund - Daily IDCW;;INF109KC18E1;1000.0050;;;07-Jun-2026
145537;ICICI Prudential Overnight Fund - Direct Plan - Daily IDCW;;INF109KC12G9;1000.0050;;;07-Jun-2026
145536;ICICI Prudential Overnight Fund - Direct Plan - Growth;INF109KC11G1;;1465.1908;;;07-Jun-2026
149411;ICICI Prudential Overnight fund - Direct Plan - Unclaimed IDCW Stable Scheme;INF109KC18H4;;1000.0000;;;07-Jun-2026
149408;ICICI Prudential Overnight fund - Direct Plan - Unclaimed IDCW Transitory Scheme;INF109KC16H8;;1292.7634;;;07-Jun-2026
149409;ICICI Prudential Overnight fund - Direct Plan - Unclaimed Redemption Stable Scheme;INF109KC17H6;;1000.0000;;;07-Jun-2026
149410;ICICI Prudential Overnight fund - Direct Plan - Unclaimed Redemption Transitory Scheme;INF109KC15H0;;1292.7774;;;07-Jun-2026
145539;ICICI Prudential Overnight Fund - Direct Plan - Weekly IDCW;INF109KC16G0;INF109KC15G2;1000.8470;;;07-Jun-2026
145535;ICICI Prudential Overnight Fund - Growth;INF109KC17E3;;1456.0626;;;07-Jun-2026
145538;ICICI Prudential Overnight Fund - Weekly IDCW;INF109KC12F1;INF109KC11F3;1000.8339;;;07-Jun-2026

Invesco Mutual Fund
147884;Invesco India Overnight Fund - Direct Plan - Daily IDCW (Reinvestment);;INF205KA1122;1000.5303;;;07-Jun-2026
147883;Invesco India Overnight Fund - Direct Plan - Growth;INF205KA1163;;1373.746;;;07-Jun-2026
147886;Invesco India Overnight Fund - Direct Plan - Monthly IDCW (Payout / Reinvestment);INF205KA1155;INF205KA1148;1001.6081;;;07-Jun-2026
147880;Invesco India Overnight Fund - Regular Plan - Daily IDCW (Reinvestment);;INF205KA1072;1000.1395;;;07-Jun-2026
147878;Invesco India Overnight Fund - Regular Plan - Growth;INF205KA1114;;1368.8019;;;07-Jun-2026
147879;Invesco India Overnight Fund - Regular Plan - Monthly IDCW (Payout / Reinvestment);INF205KA1106;INF205KA1098;1001.9413;;;07-Jun-2026
147881;Invesco India Overnight Fund - Regular Plan - Weekly IDCW (Reinvestment);;INF205KA1080;1001.0655;;;07-Jun-2026

ITI Mutual Fund
147707;ITI Overnight Fund - Direct Plan - Annual IDCW Option;INF00XX01648;INF00XX01614;1018.5300;;;07-Jun-2026
147708;ITI Overnight Fund - Direct Plan - Daily IDCW Option;;INF00XX01572;1001.0000;;;07-Jun-2026
147710;ITI Overnight Fund - Direct Plan - Fortnightly IDCW Option;INF00XX01622;INF00XX01598;1002.6167;;;07-Jun-2026
147713;ITI Overnight Fund - Direct Plan - Growth Option;INF00XX01564;;1375.6373;;;07-Jun-2026
147717;ITI Overnight Fund - Direct Plan - Monthly IDCW Option;INF00XX01630;INF00XX01606;1002.6017;;;07-Jun-2026
147711;ITI Overnight Fund - Direct Plan - Weekly IDCW option;;INF00XX01580;1001.6477;;;07-Jun-2026
147709;ITI Overnight Fund - Regular Plan - Daily IDCW Option;;INF00XX01481;1001.0001;;;07-Jun-2026
147716;ITI Overnight Fund - Regular Plan - Fortnightly IDCW Option;INF00XX01531;INF00XX01507;1002.6615;;;07-Jun-2026
147714;ITI Overnight Fund - Regular Plan - Growth Option;INF00XX01473;;1366.4914;;;07-Jun-2026
147718;ITI Overnight Fund - Regular Plan - Monthly IDCW Option;INF00XX01549;INF00XX01515;1001.0714;;;07-Jun-2026
147712;ITI Overnight Fund - Regular Plan - Weekly IDCW Option;;INF00XX01499;1001.7446;;;07-Jun-2026

Jio BlackRock Mutual Fund
153650;JioBlackRock Overnight Fund - Direct Plan - Growth Option;INF22M001036;;1049.9243;;;07-Jun-2026
154070;JioBlackRock Overnight Fund - Unclaimed Redemption - Upto 3 years - Growth Option;;;1026.6849;;;07-Jun-2026

JM Financial Mutual Fund
147838;JM Overnight Fund (Direct) - Daily IDCW;;INF192K01LY2;1000;;;07-Jun-2026
147835;JM Overnight Fund (Direct) - Weekly IDCW;INF192K01LZ9;INF192K01MA0;1000.6689;;;07-Jun-2026
147839;JM Overnight Fund (Regular) - Daily IDCW;;INF192K01LU0;1000;;;07-Jun-2026
147836;JM Overnight Fund (Regular) - Growth;INF192K01LX4;;1371.4477;;;07-Jun-2026
147834;JM Overnight Fund (Regular) - Weekly IDCW;INF192K01LV8;INF192K01LW6;1000.6509;;;07-Jun-2026
147837;JM Overnight Fund - (Direct) - Growth;INF192K01MB8;;1377.6945;;;07-Jun-2026
149828;JM Overnight Fund - (Direct) - Unclaimed IDCW - Growth Plan;INF192K01MJ1;;1383.5676;;;07-Jun-2026
149827;JM Overnight Fund - (Direct) - Unclaimed IDCW I.E.F. - Growth Plan;INF192K01ML7;;1073.9936;;;07-Jun-2026
149829;JM Overnight Fund - (Direct) - Unclaimed Redemption - Growth Plan;INF192K01MI3;;1377.7146;;;07-Jun-2026
149826;JM Overnight Fund - (Direct) - Unclaimed Redemption I.E.F. - Growth Plan;INF192K01MK9;;1073.9936;;;07-Jun-2026

Kotak Mahindra Mutual Fund
146141;Kotak Overnight Fund -Direct Plan-Growth Option;INF174KA1BF9;;1450.7282;;;07-Jun-2026
146142;Kotak Overnight Fund -Regular plan-Growth Option;INF174KA1BC6;;1440.9754;;;07-Jun-2026
146140;Kotak Overnight Fund-Direct Plan- Daily Reinvestment of Income Distribution cum capital withdrawal option;;INF174KA1BE2;1003.6055;;;07-Jun-2026
146138;Kotak Overnight Fund-Regular Plan- Daily Reinvestment of Income Distribution cum capital withdrawal option;;INF174KA1BB8;1004.7568;;;07-Jun-2026

LIC Mutual Fund
147516;LIC MF Overnight Fund-Direct Plan-Daily IDCW;;INF767K01QG7;1116.1861;;;07-Jun-2026
147515;LIC MF Overnight Fund-Direct Plan-Growth;INF767K01QI3;;1409.4932;;;07-Jun-2026
147513;LIC MF Overnight Fund-Direct Plan-IDCW;INF767K01QE2;INF767K01QF9;1409.6617;;;07-Jun-2026
147514;LIC MF Overnight Fund-Direct Plan-Weekly IDCW;;INF767K01QH5;1100.3495;;;07-Jun-2026
147517;LIC MF Overnight Fund-Regular Plan-Daily IDCW;;INF767K01QB8;1113.6166;;;07-Jun-2026
147519;LIC MF Overnight Fund-Regular Plan-Growth;INF767K01QD4;;1397.7603;;;07-Jun-2026
147512;LIC MF Overnight Fund-Regular Plan-IDCW;INF767K01PZ9;INF767K01QA0;1236.3552;;;07-Jun-2026
147518;LIC MF Overnight Fund-Regular Plan-Weekly IDCW;;INF767K01QC6;1180.0769;;;07-Jun-2026

Mahindra Manulife Mutual Fund
147563;Mahindra Manulife Overnight Fund - Direct Plan - Daily IDCW;;INF174V01846;1410.7363;;;07-Jun-2026
147564;Mahindra Manulife Overnight Fund - Direct Plan -Growth;INF174V01838;;1407.2668;;;07-Jun-2026
147566;Mahindra Manulife Overnight Fund - Regular Plan - Daily IDCW;;INF174V01820;1239.4045;;;07-Jun-2026
147565;Mahindra Manulife Overnight Fund - Regular Plan - Growth;INF174V01812;;1397.5381;;;07-Jun-2026
149471;Mahindra Manulife Overnight Fund - Unclaimed Redemption/IDCW beyond 3 years;;;1000.0000;;;07-Jun-2026
149470;Mahindra Manulife Overnight Fund - Unclaimed Redemption/IDCW upto 3 years;;;1290.6050;;;07-Jun-2026

Mirae Asset Mutual Fund
147737;Mirae Asset Overnight Fund Direct Daily IDCW;;INF769K01FJ0;1000.0247;;;07-Jun-2026
147738;Mirae Asset Overnight Fund Direct Monthly IDCW;INF769K01FF8;INF769K01FI2;1001.8442;;;07-Jun-2026
147736;Mirae Asset Overnight Fund Direct Plan Growth;INF769K01FG6;;1394.4636;;;07-Jun-2026
147740;Mirae Asset Overnight Fund Direct Weekly IDCW;;INF769K01FK8;1000.5604;;;07-Jun-2026
147743;Mirae Asset Overnight Fund Regular Daily  IDCW ;;INF769K01FL6;1000.0070;;;07-Jun-2026
147742;Mirae Asset Overnight Fund Regular Monthly IDCW;INF769K01FD3;INF769K01FH4;1001.8164;;;07-Jun-2026
147739;Mirae Asset Overnight Fund Regular Plan Growth;INF769K01FE1;;1386.0556;;;07-Jun-2026
147741;Mirae Asset Overnight Fund Regular Weekly IDCW;;INF769K01FM4;1000.5665;;;07-Jun-2026

Nippon India Mutual Fund
145830;NIPPON INDIA OVERNIGHT FUND - DAILY IDCW Option;;INF204KB1Q73;100.0050;;;07-Jun-2026
145812;NIPPON INDIA OVERNIGHT FUND - DIRECT Plan - DAILY IDCW Option;;INF204KB1R49;100.0050;;;07-Jun-2026
145810;Nippon India Overnight Fund - Direct Plan - Growth Option;INF204KB1R31;;146.0668;;;07-Jun-2026
145824;NIPPON INDIA OVERNIGHT FUND - DIRECT Plan - MONTHLY IDCW Option;INF204KB1R64;INF204KB1R72;100.3061;;;07-Jun-2026
145825;NIPPON INDIA OVERNIGHT FUND - DIRECT Plan - QUARTERLY IDCW Option;INF204KB1R80;INF204KB1R98;101.3978;;;07-Jun-2026
145823;NIPPON INDIA OVERNIGHT FUND - DIRECT Plan - WEEKLY IDCW Option;;INF204KB1R56;100.0334;;;07-Jun-2026
145827;NIPPON INDIA OVERNIGHT FUND - MONTHLY IDCW Option;INF204KB1Q99;INF204KB1R07;100.2943;;;07-Jun-2026
145833;NIPPON INDIA OVERNIGHT FUND - QUARTERLY IDCW Option;INF204KB1R15;INF204KB1R23;101.3789;;;07-Jun-2026
145811;Nippon India Overnight Fund - Regular Plan - Growth Option;INF204KB1Q65;;145.0688;;;07-Jun-2026
145826;NIPPON INDIA OVERNIGHT FUND - WEEKLY IDCW Option;;INF204KB1Q81;100.0329;;;07-Jun-2026

NJ Mutual Fund
150369;NJ Overnight Fund - Direct Plan - Growth Option;INF0J8L01081;;1258.1894;;;07-Jun-2026
150368;NJ Overnight Fund - Regular Plan - Growth Option;INF0J8L01073;;1253.3357;;;07-Jun-2026
152116;NJ Overnight Fund - Unclaimed Redemption Plan - Upto 3 Years;;;1092.9059;;;07-Jun-2026

PGIM India Mutual Fund
147605;PGIM India Overnight Fund - Direct Plan - Daily Dividend Option;;INF663L01T35;1000.0088;;;07-Jun-2026
147606;PGIM India Overnight Fund - Direct Plan - Growth Option;INF663L01T01;;1401.6382;;;07-Jun-2026
147608;PGIM India Overnight Fund - Direct Plan - Weekly Dividend Option;INF663L01T19;INF663L01T27;1000.9268;;;07-Jun-2026
147609;PGIM India Overnight Fund - Regular Plan - Daily Dividend Option;;INF663L01T76;1000;;;07-Jun-2026
147607;PGIM India Overnight Fund - Regular Plan - Weekly Dividend Option;INF663L01T50;INF663L01T68;1007.259;;;07-Jun-2026
147600;PGIM India Overnight Fund - Regular Plan- Growth Option;INF663L01T43;;1395.3795;;;07-Jun-2026

quant Mutual Fund
151190;quant Overnight Fund - Growth Option - Direct Plan;INF966L01AZ7;;12.4233;;;07-Jun-2026
151195;quant Overnight Fund - Growth Option - Regular Plan;INF966L01BC4;;12.379;;;07-Jun-2026
151193;quant Overnight Fund - IDCW Option - Direct Plan;INF966L01BA8;INF966L01BB6;12.4284;;;07-Jun-2026
151191;quant Overnight Fund - IDCW Option - Regular Plan;INF966L01BD2;INF966L01BE0;12.3676;;;07-Jun-2026
154083;quant Overnight Fund - Unclaimed IDCW Greater than 3 years;;;10;;;07-Jun-2026
154086;quant Overnight Fund - Unclaimed IDCW Less than 3 years;;;10.2367;;;07-Jun-2026
154085;quant Overnight Fund - Unclaimed Redemption Greater than 3 years;;;10;;;07-Jun-2026
154084;quant Overnight Fund - Unclaimed Redemption Less than 3 years;;;10.2324;;;07-Jun-2026

Samco Mutual Fund
150631;Samco Overnight Fund - Direct Plan - Growth Option;INF0K1H01040;;1241.3354;;;07-Jun-2026
150632;Samco Overnight Fund - Regular Plan - Growth Option;INF0K1H01032;;1231.6399;;;07-Jun-2026
153021;Samco Overnight Fund - Unclaimed Redemption Upto 3 years;;;1086.0294;;;07-Jun-2026

SBI Mutual Fund
119831;SBI Overnight Fund - Direct Plan - Daily Income Distribution cum Capital Withdrawal Option (IDCW);;INF200K01TJ7;1372.1944;;;07-Jun-2026
119833;SBI OVERNIGHT FUND - DIRECT PLAN - GROWTH;INF200K01TK5;;4420.8985;;;07-Jun-2026
119832;SBI Overnight Fund - Direct Plan - Weekly Income Distribution cum Capital Withdrawal Option (IDCW);INF200K01TL3;INF200K01TM1;1401.2051;;;07-Jun-2026
114297;SBI Overnight Fund - Regular Plan - Daily Income Distribution cum Capital Withdrawal Option (IDCW);;INF200K01LN6;1365.9422;;;07-Jun-2026
101206;SBI OVERNIGHT FUND - REGULAR PLAN - GROWTH;INF200K01LQ9;;4361.2782;;;07-Jun-2026
103140;SBI Overnight Fund - Regular Plan - Weekly Income Distribution cum Capital Withdrawal Option (IDCW);INF200K01LO4;INF200K01LP1;1394.7200;;;07-Jun-2026

Shriram Mutual Fund
154395;Shriram Overnight Fund- Direct Daily IDCW;;INF680P01513;1000.014;;;07-Jun-2026
154394;Shriram Overnight Fund- Direct Growth;INF680P01497;;1255.5933;;;07-Jun-2026
154396;Shriram Overnight Fund- Direct Monthly IDCW;INF680P01612;INF680P01638;1003.2611;;;07-Jun-2026
154398;Shriram Overnight Fund- Regular Daily IDCW;;INF680P01521;1000.0101;;;07-Jun-2026
154399;Shriram Overnight Fund- Regular Growth;INF680P01505;;1251.6829;;;07-Jun-2026
154402;Shriram Overnight Fund- Regular Monthly IDCW;INF680P01620;INF680P01646;1003.2694;;;07-Jun-2026

Sundaram Mutual Fund
146963;Sundaram Overnight Fund Direct Plan - Growth;INF903JA1HG5;;1444.0408;;;07-Jun-2026
146962;Sundaram Overnight Fund Direct Plan - Monthly Payout of Income Distribution cum Capital Withdrawal (IDCW);INF903JA1HH3;;1043.6733;;;07-Jun-2026
146957;Sundaram Overnight Fund Direct Plan - Monthly Reinvestment of Income Distribution cum Capital Withdrawal (IDCW);;INF903JA1HM3;1043.6733;;;07-Jun-2026
146959;Sundaram Overnight Fund Regular Plan - Growth;INF903JA1GZ7;;1433.9405;;;07-Jun-2026
146960;Sundaram Overnight Fund Regular Plan - Monthly Payout of Income Distribution cum Capital Withdrawal (IDCW);INF903JA1HA8;;1038.5793;;;07-Jun-2026
146961;Sundaram Overnight Fund Regular Plan - Monthly Reinvestment of Income Distribution cum Capital Withdrawal (IDCW);;INF903JA1HF7;1038.5793;;;07-Jun-2026

Tata Mutual Fund
146978;TATA Overnight Fund Direct Plan - Daily Reinvestment of Income Distribution cum capital withdrawal option   ;;INF277K019T3;1000.0003;;;07-Jun-2026
146979;TATA Overnight Fund Regular Plan - Daily Reinvestment of Income Distribution cum capital withdrawal option   ;;INF277K017T7;1000.0004;;;07-Jun-2026
146980;Tata Overnight Fund-Direct Plan-Growth;INF277K018T5;;1435.4486;;;07-Jun-2026
146977;Tata Overnight Fund-Regular Plan-Growth;INF277K016T9;;1423.7818;;;07-Jun-2026

Trust Mutual Fund
149796;TRUST MF OVERNIGHT FUND-DIRECT PLAN-DAILY IDCW REINVESTMENT;;INF0GCD01461;1257.8886;;;07-Jun-2026
149797;TRUST MF OVERNIGHT FUND-DIRECT PLAN-GROWTH;INF0GCD01453;;1285.5596;;;07-Jun-2026
149798;TRUST MF OVERNIGHT FUND-REGULAR PLAN-DAILY IDCW REINVESTMENT;;INF0GCD01446;1249.7322;;;07-Jun-2026
149795;TRUST MF OVERNIGHT FUND-REGULAR-GROWTH;INF0GCD01438;;1282.7424;;;07-Jun-2026

Union Mutual Fund
147002;Union Overnight Fund - Direct Plan - Daily IDCW Option;;INF582M01FB0;1000.8045;;;07-Jun-2026
147003;Union Overnight Fund - Direct Plan - Growth Option;INF582M01FA2;;1431.3171;;;07-Jun-2026
147006;Union Overnight Fund - Direct Plan - Monthly IDCW Option;INF582M01FG9;INF582M01FE4;1002.4675;;;07-Jun-2026
146998;Union Overnight Fund - Regular Plan - Daily IDCW Option;;INF582M01FK1;1001.2621;;;07-Jun-2026
146997;Union Overnight Fund - Regular Plan - Growth Option;INF582M01FJ3;;1421.1675;;;07-Jun-2026
147000;Union Overnight Fund - Regular Plan - Monthly IDCW Option;INF582M01FP0;INF582M01FN5;1002.3929;;;07-Jun-2026
149451;Union Overnight Fund - Unclaimed Amounts Plan - IDCW Beyond 3 years;;;1000.0000;;;07-Jun-2026
149452;Union Overnight Fund - Unclaimed Amounts Plan - IDCW Upto 3 years;;;1289.2291;;;07-Jun-2026
149453;Union Overnight Fund - Unclaimed Amounts Plan - Redemption Beyond 3 years;;;1000.0000;;;07-Jun-2026
149454;Union Overnight Fund - Unclaimed Amounts Plan - Redemption Upto 3 years;;;1289.1900;;;07-Jun-2026

UTI Mutual Fund
100814;UTI - Overnight  Fund - Regular Plan - Growth Option;INF789F01604;;3680.1631;;;07-Jun-2026
120785;UTI - Overnight Fund - Direct Plan - Growth Option;INF789FB1S71;;3721.8697;;;07-Jun-2026
124266;UTI Overnight Fund - Direct Plan - Daily IDCW;;INF789FB1S89;1371.6621;;;07-Jun-2026
120786;UTI Overnight Fund - Direct Plan - Periodic IDCW;INF789FB1T05;INF789FB1S97;1953.2889;;;07-Jun-2026
124265;UTI Overnight Fund - Regular Plan - Daily IDCW;;INF789FB1T13;1370.8617;;;07-Jun-2026
100813;UTI Overnight Fund - Regular Plan - Periodic IDCW;INF789F01588;INF789F01596;1895.892;;;07-Jun-2026

Zerodha Mutual Fund
153436;Zerodha Overnight Fund - Direct Plan - Growth Option;INF0R8F01075;;10.6391;;;07-Jun-2026

Open Ended Schemes ( Debt Scheme - Liquid Fund )


360 ONE Mutual Fund
125349;360 ONE LIQUID FUND DIRECT PLAN  DAILY DIVIDEND REINVESTMENT;;INF579M01688;1000.3794;;;07-Jun-2026
125345;360 ONE LIQUID FUND DIRECT PLAN  GROWTH;INF579M01621;;2137.5742;;;07-Jun-2026
125343;360 ONE LIQUID FUND DIRECT PLAN  WEEKLY DIVIDEND;INF579M01639;INF579M01696;1006.0366;;;07-Jun-2026
125342;360 ONE LIQUID FUND REGULAR PLAN  DAILY DIVIDEND REINVESTMENT;;INF579M01563;1000.3794;;;07-Jun-2026
125259;360 ONE LIQUID FUND REGULAR PLAN  GROWTH;INF579M01506;;2122.2998;;;07-Jun-2026
125337;360 ONE LIQUID FUND REGULAR PLAN  WEEKLY DIVIDEND;INF579M01514;INF579M01571;1006.0078;;;07-Jun-2026

Abakkus Mutual Fund
154049;Abakkus Liquid Fund - Direct Plan - Daily IDCW Reinvestment;;INF2JJD01011;100.0527;;;07-Jun-2026
154051;Abakkus Liquid Fund - Direct Plan - Growth;INF2JJD01029;;102.7360;;;07-Jun-2026
154055;Abakkus Liquid Fund - Direct Plan - Monthly IDCW Reinvestment;;INF2JJD01037;100.4292;;;07-Jun-2026
154052;Abakkus Liquid Fund - Direct Plan - Quarterly IDCW Reinvestment;;INF2JJD01052;101.0411;;;07-Jun-2026
154050;Abakkus Liquid Fund - Direct Plan - Weekly IDCW Reinvestment;;INF2JJD01045;100.1674;;;07-Jun-2026
154053;Abakkus Liquid Fund - Regular Plan - Daily IDCW Reinvestment;;INF2JJD01060;100.0527;;;07-Jun-2026
154047;Abakkus Liquid Fund - Regular Plan - Growth;INF2JJD01078;;102.6955;;;07-Jun-2026
154048;Abakkus Liquid Fund - Regular Plan - Monthly IDCW Reinvestment;;INF2JJD01086;100.4245;;;07-Jun-2026
154054;Abakkus Liquid Fund - Regular Plan - Quarterly IDCW Reinvestment;;INF2JJD01102;101.0023;;;07-Jun-2026
154056;Abakkus Liquid Fund - Regular Plan - Weekly IDCW Reinvestment;;INF2JJD01094;100.1632;;;07-Jun-2026

Aditya Birla Sun Life Mutual Fund
100047;Aditya Birla Sun Life Liquid Fund - Growth;INF209K01RU9;;444.9947;;;07-Jun-2026
119568;Aditya Birla Sun Life Liquid Fund - Growth - Direct Plan;INF209K01VA3;;450.9276;;;07-Jun-2026
100046;Aditya Birla Sun Life Liquid Fund -Daily IDCW;INF209K01KQ2;INF209K01SQ5;100.195;;;07-Jun-2026
119569;Aditya Birla Sun Life Liquid Fund -Direct - daily IDCW;INF209K01UZ2;;100.195;;;07-Jun-2026
119571;Aditya Birla Sun Life Liquid Fund -DIRECT - IDCW;INF209K01VD7;;144.27;;;07-Jun-2026
119570;Aditya Birla Sun Life Liquid Fund -Direct - weekly IDCW;INF209K01VC9;;100.2617;;;07-Jun-2026
100041;Aditya Birla Sun Life Liquid Fund -Institutional - IDCW;;INF209K01KN9;108.023;;;07-Jun-2026
100048;Aditya Birla Sun Life Liquid Fund -Institutional - weekly  IDCW;INF209KA1LK7;INF209K01KY6;108.2459;;;07-Jun-2026
103885;Aditya Birla Sun Life Liquid Fund -Regular - IDCW;INF209KA1LI1;;109.743;;;07-Jun-2026
100044;Aditya Birla Sun Life Liquid Fund -Retail - IDCW;;INF209K01KP4;163.694;;;07-Jun-2026
100051;Aditya Birla Sun Life Liquid Fund -weekly IDCW;INF209K01KU4;INF209KA1LJ9;100.2607;;;07-Jun-2026
112014;Aditya Birla Sun Life Liquid Fund- Discipline Advantage Plan;INF209K01KZ3;;301.7714;;;07-Jun-2026
100043;Aditya Birla Sun Life Liquid Fund-Institutional (Growth);INF209K01RT1;;741.059;;;07-Jun-2026
100042;Aditya Birla Sun Life Liquid Fund-Retail (Growth);INF209K01ME4;;722.1341;;;07-Jun-2026

Axis Mutual Fund
120388;Axis Liquid Fund - Direct Plan - Daily IDCW;;INF846K01DA0;1000.9560;;;07-Jun-2026
120389;Axis Liquid Fund - Direct Plan - Growth Option;INF846K01CX4;;3105.2843;;;07-Jun-2026
120391;Axis Liquid Fund - Direct Plan - Monthly IDCW;INF846K01CY2;INF846K01CZ9;1003.2694;;;07-Jun-2026
120390;Axis Liquid Fund - Direct Plan - Weekly IDCW;INF846K01DB8;INF846K01DC6;1003.2914;;;07-Jun-2026
112211;Axis Liquid Fund - Regular Plan - Daily IDCW;;INF846K01420;1001.3998;;;07-Jun-2026
112210;Axis Liquid Fund - Regular Plan - Growth Option;INF846K01412;;3076.1598;;;07-Jun-2026
112213;Axis Liquid Fund - Regular Plan - Monthly IDCW;INF846K01453;INF846K01461;1003.8275;;;07-Jun-2026
112212;Axis Liquid Fund - Regular Plan - Weekly IDCW;INF846K01438;INF846K01446;1003.2757;;;07-Jun-2026
112712;Axis Liquid Fund - Retail Plan - Daily IDCW;;INF846K01362;1000.9559;;;07-Jun-2026
112713;Axis Liquid Fund - Retail Plan - Growth Option;INF846K01354;;2803.8833;;;07-Jun-2026
112714;Axis Liquid Fund - Retail Plan - Monthly IDCW;INF846K01396;INF846K01404;1003.0765;;;07-Jun-2026
112715;Axis Liquid Fund - Retail Plan - Weekly IDCW;INF846K01370;INF846K01388;1001.9608;;;07-Jun-2026

Bajaj Finserv Mutual Fund
151835;Bajaj Finserv Liquid Fund - Direct Plan - Daily - IDCW;;INF0QA701029;1034.6939;;;07-Jun-2026
151838;Bajaj Finserv Liquid Fund - Direct Plan - Fortnightly - IDCW;INF0QA701078;INF0QA701045;1035.8747;;;07-Jun-2026
151833;Bajaj Finserv Liquid Fund - Direct Plan - Growth;INF0QA701011;;1218.0439;;;07-Jun-2026
151836;Bajaj Finserv Liquid Fund - Direct Plan - Monthly - IDCW;INF0QA701086;INF0QA701052;1038.9489;;;07-Jun-2026
151834;Bajaj Finserv Liquid Fund - Direct Plan - Weekly - IDCW;INF0QA701060;INF0QA701037;1035.8702;;;07-Jun-2026
151839;Bajaj Finserv Liquid Fund - Regular Plan - Daily - IDCW;;INF0QA701136;1033.8241;;;07-Jun-2026
151841;Bajaj Finserv Liquid Fund - Regular Plan - Fortnightly - IDCW;INF0QA701151;INF0QA701110;1034.9684;;;07-Jun-2026
151837;Bajaj Finserv Liquid Fund - Regular Plan - Growth;INF0QA701094;;1211.8167;;;07-Jun-2026
151842;Bajaj Finserv Liquid Fund - Regular Plan - Monthly - IDCW;INF0QA701169;INF0QA701128;1037.9396;;;07-Jun-2026
151840;Bajaj Finserv Liquid Fund - Regular Plan - Weekly - IDCW;INF0QA701144;INF0QA701102;1034.9658;;;07-Jun-2026

Bandhan Mutual Fund
108692;BANDHAN LIQUID Fund - Regular Plan - Daily IDCW;INF194K01VZ4;INF194K01VY7;1001.4161;;;07-Jun-2026
108690;BANDHAN LIQUID Fund - Regular Plan - Growth;INF194K01VX9;;3333.4616;;;07-Jun-2026
108693;BANDHAN LIQUID Fund - Regular Plan - Monthly IDCW;INF194K01WF4;INF194K01WE7;1002.9843;;;07-Jun-2026
115489;BANDHAN LIQUID Fund - Regular Plan - Periodic IDCW;INF194K01WC1;INF194K01WB3;1439.1859;;;07-Jun-2026
108691;BANDHAN LIQUID Fund - Regular Plan - Weekly IDCW;INF194K01WI8;INF194K01WH0;1001.7109;;;07-Jun-2026
139582;BANDHAN LIQUID Fund - Unclaimed IDCW Less than 3 years;INF194KA14C0;;1.7951;;;07-Jun-2026
139583;BANDHAN LIQUID Fund - Unclaimed IDCW More than 3 years;INF194KA15C7;;1.0000;;;07-Jun-2026
139584;BANDHAN LIQUID Fund - Unclaimed Redemption Less than 3 years;INF194KA12C4;;1.7951;;;07-Jun-2026
139585;BANDHAN LIQUID Fund - Unclaimed Redemption More than 3 years;INF194KA13C2;;1.0000;;;07-Jun-2026
118365;BANDHAN LIQUID Fund -Direct Plan -Monthly IDCW;INF194K01J36;INF194K01J28;1009.2691;;;07-Jun-2026
118367;BANDHAN LIQUID Fund -Direct Plan -Weekly IDCW;INF194KB1JT8;INF194K01J51;1007.4582;;;07-Jun-2026
118366;BANDHAN LIQUID Fund -Direct Plan-Daily IDCW;;INF194K01I78;1001.6663;;;07-Jun-2026
118364;BANDHAN LIQUID Fund -Direct Plan-Growth;INF194K01I60;;3370.4165;;;07-Jun-2026
118363;BANDHAN LIQUID Fund -Direct Plan-Periodic IDCW;INF194K01J02;INF194K01I94;1357.8223;;;07-Jun-2026

Bank of India Mutual Fund
119368;BANK OF INDIA Liquid Fund- Direct Plan- Daily IDCW;;INF761K01CL0;1005.0000;;;07-Jun-2026
119369;BANK OF INDIA Liquid Fund- Direct Plan- Growth;INF761K01785;;3214.0926;;;07-Jun-2026
119370;BANK OF INDIA Liquid Fund- Direct Plan- Weekly IDCW;;INF761K01CM8;1006.1795;;;07-Jun-2026
111971;BANK OF INDIA Liquid Fund- Regular Plan- Daily IDCW;;INF761K01CO4;1005.0000;;;07-Jun-2026
109254;BANK OF INDIA Liquid Fund- Regular Plan- Growth;INF761K01306;;3181.2596;;;07-Jun-2026
109255;BANK OF INDIA Liquid Fund- Regular Plan- Weekly IDCW;;INF761K01CP1;1006.1697;;;07-Jun-2026

Baroda BNP Paribas Mutual Fund
119414;Baroda BNP Paribas LIQUID FUND - DIRECT PLAN - DAILY IDCW OPTION;INF955L01AK2;;1002.0849;;;07-Jun-2026
119415;Baroda BNP Paribas LIQUID FUND - DIRECT PLAN - GROWTH OPTION;INF955L01AL0;;3216.7556;;;07-Jun-2026
119416;Baroda BNP Paribas LIQUID FUND - DIRECT PLAN - WEEKLY IDCW OPTION;INF251K01SL8;;1220.6975;;;07-Jun-2026
111707;Baroda BNP Paribas LIQUID FUND - Regular Plan - DAILY IDCW OPTION;INF955L01468;INF955L01476;1001.1996;;;07-Jun-2026
111704;Baroda BNP Paribas LIQUID FUND - Regular Plan - GROWTH OPTION;INF955L01484;;3173.2187;;;07-Jun-2026
111705;Baroda BNP Paribas LIQUID FUND - Regular Plan - WEEKLY IDCW OPTION;INF251K01SK0;INF955L01500;1001.0926;;;07-Jun-2026
101408;Baroda BNP Paribas LIQUID FUND- Defunct Plan -Growth Option;INF955L01575;;4671.7176;;;07-Jun-2026
101407;Baroda BNP Paribas LIQUID FUND-Defunct Plan- IDCW Option;INF955L01559;INF955L01567;3854.5821;;;07-Jun-2026

Canara Robeco Mutual Fund
118307;CANARA ROBECO LIQUID FUND - DIRECT PLAN - DAILY IDCW (Reinvestment);;INF760K01FS0;1005.5000;;;07-Jun-2026
118305;CANARA ROBECO LIQUID FUND - DIRECT PLAN - GROWTH OPTION;INF760K01FU6;;3345.8025;;;07-Jun-2026
118304;CANARA ROBECO LIQUID FUND - DIRECT PLAN - IDCW (Payout/Reinvestment);INF760K01FT8;;2394.3481;;;07-Jun-2026
118306;CANARA ROBECO LIQUID FUND - DIRECT PLAN - MONTHLY IDCW (Payout/Reinvestment);INF760K01FV4;INF760K01FW2;1002.4607;;;07-Jun-2026
118308;CANARA ROBECO LIQUID FUND - DIRECT PLAN - WEEKLY IDCW (Payout/Reinvestment);INF760K01FY8;INF760K01FX0;1001.0424;;;07-Jun-2026
109349;CANARA ROBECO LIQUID FUND - REGULAR PLAN - DAILY IDCW (Reinvestment);;INF760K01CU3;1005.5000;;;07-Jun-2026
109353;CANARA ROBECO LIQUID FUND - REGULAR PLAN - GROWTH OPTION;INF760K01CW9;;3324.2088;;;07-Jun-2026
109351;CANARA ROBECO LIQUID FUND - REGULAR PLAN - MONTHLY IDCW (Payout/Reinvestment);INF760K01CX7;INF760K01CY5;1002.2616;;;07-Jun-2026
109350;CANARA ROBECO LIQUID FUND - REGULAR PLAN - WEEKLY IDCW (Payout/Reinvestment);INF760K01BZ4;INF760K01CZ2;1001.0360;;;07-Jun-2026
139235;Canara Robeco Liquid Fund -Unclaimed Redemption and Dividend Plan -Direct Growth Option;INF760K01IC8;;1825.9028;;;07-Jun-2026

Capitalmind Mutual Fund
154011;Capitalmind Liquid Fund - Direct-Growth;INF226401034;;1035.1791;;;07-Jun-2026
154010;Capitalmind Liquid Fund - Regular-Growth;INF226401042;;1034.0892;;;07-Jun-2026

DSP Mutual Fund
119125;DSP Liquidity Fund - Direct Plan - Growth;INF740K01QL4;;3991.9444;;;07-Jun-2026
119124;DSP Liquidity Fund - Direct Plan - IDCW - Daily;;INF740KA1OB6;1001.4663;;;07-Jun-2026
119123;DSP Liquidity Fund - Direct Plan - IDCW - Weekly;INF740KA1OC4;INF740KA1OD2;1002.1348;;;07-Jun-2026
103347;DSP Liquidity Fund - Regular Plan - Growth;INF740K01FK9;;3943.2606;;;07-Jun-2026
103348;DSP Liquidity Fund - Regular Plan - IDCW - Weekly;INF740K01FM5;INF740K01FL7;1002.1275;;;07-Jun-2026
103349;DSP Liquidity Fund- Regular Plan - IDCW - Daily;;INF740KA1OE0;1001.4663;;;07-Jun-2026

Edelweiss Mutual Fund
140194;Edelweiss Liquid Fund - Direct Plan - Bonus Option;INF754K01GY9;;2099.0978;;;07-Jun-2026
140196;Edelweiss Liquid Fund - Direct Plan - Growth Option;INF754K01GM4;;3608.0547;;;07-Jun-2026
140198;Edelweiss Liquid Fund - Direct Plan - IDCW Option;INF754K01GO0;INF754K01GN2;3608.068;;;07-Jun-2026
140192;Edelweiss Liquid Fund - Direct Plan Annual - IDCW Option;INF754K01GX1;INF754K01GT9;3608.029;;;07-Jun-2026
140193;Edelweiss Liquid Fund - Direct Plan daily - IDCW Option;;INF754K01GP7;1194.4512;;;07-Jun-2026
140199;Edelweiss Liquid Fund - Direct Plan Fortnightly - IDCW Option;INF754K01GV5;INF754K01GR3;2478.0195;;;07-Jun-2026
140197;Edelweiss Liquid Fund - Direct Plan Monthly - IDCW Option;INF754K01GW3;INF754K01GS1;1006.8151;;;07-Jun-2026
140195;Edelweiss Liquid Fund - Direct Plan weekly - IDCW Option;INF754K01GU7;INF754K01GQ5;2175.3539;;;07-Jun-2026
140189;Edelweiss Liquid Fund - Regular Plan - Bonus Option;INF754K01HR1;;2057.9388;;;07-Jun-2026
140182;Edelweiss Liquid Fund - Regular Plan - Growth Option;INF754K01GZ6;;3532.7285;;;07-Jun-2026
140190;Edelweiss Liquid Fund - Regular Plan - IDCW Option;INF754K01GK8;INF754K01GL6;3532.7315;;;07-Jun-2026
140188;Edelweiss Liquid Fund - Regular Plan Annual - IDCW Option;INF754K01HQ3;INF754K01HP5;2444.3436;;;07-Jun-2026
140181;Edelweiss Liquid Fund - Regular Plan Daily - IDCW Option;;INF754K01HA7;1308.0677;;;07-Jun-2026
140184;Edelweiss Liquid Fund - Regular Plan Fortnightly - IDCW Option;INF754K01HK6;INF754K01HC3;2157.0247;;;07-Jun-2026
140183;Edelweiss Liquid Fund - Regular Plan Monthly - IDCW Option;INF754K01HL4;INF754K01HD1;1085.1379;;;07-Jun-2026
140185;Edelweiss Liquid Fund - Regular Plan Weekly - IDCW Option;INF754K01HJ8;INF754K01HB5;1216.4784;;;07-Jun-2026
140176;Edelweiss Liquid Fund - Retail Plan - Growth Option;INF754K01HE9;;3212.7285;;;07-Jun-2026
140178;Edelweiss Liquid Fund - Retail Plan - Weekly Dividend Option;;INF754K01HG4;1232.2556;;;07-Jun-2026
140177;Edelweiss Liquid Fund - Retail Plan Daily - IDCW Option;;INF754K01HF6;1151.2807;;;07-Jun-2026
140180;Edelweiss Liquid Fund - Retail Plan Monthly - IDCW Option;;INF754K01HI0;1246.6992;;;07-Jun-2026

Franklin Templeton Mutual Fund
100541;Franklin India Liquid Fund - Regular Plan - Daily - IDCW;;INF090I01BA3;1509.0075;;;07-Jun-2026
100538;Franklin India Liquid Fund - Regular Plan - Growth;INF090I01BB1;;6215.5423;;;07-Jun-2026
100537;Franklin India Liquid Fund - Regular Plan - Weekly - IDCW;INF090I01BL0;INF090I01BI6;1244.2967;;;07-Jun-2026
118577;Franklin India Liquid Fund - Super Institutional - Direct - Growth;INF090I01JV2;;4195.0832;;;07-Jun-2026
100547;Franklin India Liquid Fund - Super Institutional Plan - Daily - IDCW;;INF090I01BF2;1000.0000;;;07-Jun-2026
118578;Franklin India Liquid Fund - Super Institutional Plan - Direct - Daily - IDCW;INF090I01JW0;;1002.8152;;;07-Jun-2026
118579;Franklin India Liquid Fund - Super Institutional Plan - Direct - Weekly - IDCW;INF090I01JX8;INF090I01JY6;1021.9698;;;07-Jun-2026
100546;Franklin India Liquid Fund - Super Institutional Plan - Growth;INF090I01BG0;;4158.1854;;;07-Jun-2026
100548;Franklin India Liquid Fund - Super Institutional Plan - Weekly - IDCW;INF090I01BM8;INF090I01BH8;1036.4440;;;07-Jun-2026
139892;Franklin India Liquid Fund - Unclaimed IDCW Investor Education Plan - Growth;INF090I01LR6;;10.0000;;;07-Jun-2026
139890;Franklin India Liquid Fund - Unclaimed IDCW Plan - Growth;INF090I01LP0;;17.7021;;;07-Jun-2026
139891;Franklin India Liquid Fund - Unclaimed Redemption Investor Education Plan - Growth;INF090I01LQ8;;10.0000;;;07-Jun-2026
139889;Franklin India Liquid Fund - Unclaimed Redemption Plan - Growth;INF090I01LO3;;17.7021;;;07-Jun-2026
102443;Franklin India Liquid Fund - Institutional Plan - Daily - IDCW;;INF090I01BC9;1000.0000;;;07-Jun-2026
102442;Franklin India Liquid Fund - Institutional Plan - Weekly - IDCW;INF090I01BJ4;INF090I01BE5;1054.7184;;;07-Jun-2026

Groww Mutual Fund
119135;Groww Liquid Fund ( formerly known as Indiabulls Liquid )Fund - Direct Plan - Growth Option;INF666M01451;;2705.733;;;07-Jun-2026
119136;Groww Liquid Fund (formerly known as Indiabulls Liquid Fund) - Direct Plan- - Income Distribution cum capital withdrawal Option ( Reinvestment);;INF666M01469;1002.0907;;;07-Jun-2026
115991;Groww Liquid Fund (formerly known as Indiabulls Liquid Fund) - Regular Plan - Growth Option;INF666M01014;;2670.5257;;;07-Jun-2026
119138;Groww Liquid Fund (formerly known as Indiabulls Liquid Fund)- Direct Plan- Fortnightly - Income Distribution cum capital withdrawal Option (Payout & Reinvestment);INF666M01501;INF666M01485;1004.2093;;;07-Jun-2026
119139;Groww Liquid Fund (formerly known as Indiabulls Liquid Fund)- Direct Plan- Monthly - Income Distribution cum capital withdrawal Option (Payout & Reinvestment);INF666M01519;INF666M01493;1030.4835;;;07-Jun-2026
119137;Groww Liquid Fund (formerly known as Indiabulls Liquid Fund)- Direct Plan- Weekly - Income Distribution cum capital withdrawal Option (Payout & Reinvestment);INF666M01527;INF666M01477;1002.8772;;;07-Jun-2026
115992;Groww Liquid Fund (formerly known as Indiabulls Liquid Fund)- Regular Plan- - Income Distribution cum capital withdrawal Option (Reinvestment);;INF666M01022;1002.0894;;;07-Jun-2026
115995;Groww Liquid Fund (formerly known as Indiabulls Liquid Fund)- Regular Plan- Monthly - Income Distribution cum capital withdrawal Option (Payout & Reinvestment);INF666M01071;INF666M01055;1002.7845;;;07-Jun-2026
115993;Groww Liquid Fund (formerly known as Indiabulls Liquid Fund)- Regular Plan- Weekly - Income Distribution cum capital withdrawal Option (Payout & Reinvestment);INF666M01089;INF666M01030;1002.8587;;;07-Jun-2026
115994;Groww Liquid Fund (formerly known as Indiabulls Liquid) Fund- Regular Plan- Fortnightly - Income Distribution cum capital withdrawal Option (Payout & Reinvestment);INF666M01063;INF666M01048;1004.1754;;;07-Jun-2026

HDFC Mutual Fund
119091;HDFC Liquid Fund - Growth Option - Direct Plan;INF179KB1HP9;;5480.5124;;;07-Jun-2026
100868;HDFC Liquid Fund - Growth Plan;INF179KB1HK0;;5417.3446;;;07-Jun-2026
100875;HDFC Liquid Fund - IDCW Daily;;INF179KB1IC5;1019.82;;;07-Jun-2026
119089;HDFC Liquid Fund - IDCW Daily - Direct Plan;;INF179KB1HV7;1019.82;;;07-Jun-2026
100876;HDFC Liquid Fund - IDCW Monthly;INF179KB1HM6;INF179KB1HL8;1028.8092;;;07-Jun-2026
119090;HDFC Liquid Fund - IDCW Monthly - Direct Plan;INF179KB1HO2;INF179KB1HQ7;1028.8324;;;07-Jun-2026
100874;HDFC Liquid Fund - IDCW Plan Weekly;INF179KB1ID3;;1032.2192;;;07-Jun-2026
119088;HDFC Liquid Fund - IDCW Weekly - Direct Plan;;;1032.2338;;;07-Jun-2026

HSBC Mutual Fund
120038;HSBC Liquid Fund -  Growth Direct;INF336L01CC8;;2780.6152;;;07-Jun-2026
120037;HSBC Liquid Fund - Direct Daily IDCW;;INF336L01CB0;1001.576;;;07-Jun-2026
120039;HSBC Liquid Fund - Direct Monthly IDCW;INF336L01BZ1;INF336L01CA2;1040.5183;;;07-Jun-2026
120040;HSBC Liquid Fund - Direct Weekly IDCW;INF336L01LK2;INF336L01CD6;1196.4254;;;07-Jun-2026
118907;HSBC Liquid Fund - Growth;INF336L01BL1;;3971.4169;;;07-Jun-2026
118906;HSBC Liquid Fund - IDCW;;INF336L01BK3;1019.3;;;07-Jun-2026
118909;HSBC Liquid Fund - Institutional Daily IDCW;;INF336L01BS6;1562.8262;;;07-Jun-2026
118901;HSBC Liquid Fund - Regular Daily IDCW;;INF336L01BM9;1001.3789;;;07-Jun-2026
118902;HSBC Liquid Fund - Regular Growth;INF336L01BN7;;2752.5681;;;07-Jun-2026
118903;HSBC Liquid Fund - Regular Monthly IDCW;INF336L01BP2;INF336L01BO5;1004.8098;;;07-Jun-2026
118904;HSBC Liquid Fund - Regular Weekly IDCW;INF336L01LJ4;INF336L01BQ0;1108.6291;;;07-Jun-2026
118908;HSBC Liquid Fund - Weekly IDCW;;INF336L01BR8;1002.3561;;;07-Jun-2026

ICICI Prudential Mutual Fund
103343;ICICI Prudential Liquid Fund - Daily IDCW;INF109K01VP3;;100.1482;;;07-Jun-2026
120191;ICICI Prudential Liquid Fund - Direct Plan -  IDCW Others;INF109K01Q31;INF109K01Q23;191.5368;;;07-Jun-2026
120188;ICICI Prudential Liquid Fund - Direct Plan - Daily IDCW;;INF109K01Q15;100.1082;;;07-Jun-2026
120197;ICICI Prudential Liquid Fund - Direct Plan - Growth;INF109K01Q49;;412.9743;;;07-Jun-2026
120190;ICICI Prudential Liquid Fund - Direct Plan - Weekly IDCW;INF109K01Q98;;100.3016;;;07-Jun-2026
103340;ICICI Prudential Liquid Fund - Growth;INF109K01VQ1;;408.6103;;;07-Jun-2026
115505;ICICI Prudential Liquid Fund - IDCW Others;INF109K01VU3;INF109K01VT5;189.9007;;;07-Jun-2026
103342;ICICI Prudential Liquid Fund - Weekly IDCW;INF109K01VS7;;100.2747;;;07-Jun-2026

Invesco Mutual Fund
104484;Invesco India Liquid Fund - Daily IDCW (Reinvestment);;INF205K01HN3;1002.7594;;;07-Jun-2026
120537;Invesco India Liquid Fund - Direct Plan - Growth;INF205K01MF9;;3830.1034;;;07-Jun-2026
120536;Invesco India Liquid Fund - Direct Plan - Monthly IDCW (Payout / Reinvestment);INF205K01MG7;INF205K01MH5;1084.4666;;;07-Jun-2026
120535;Invesco India Liquid Fund - Direct Plan - Weekly IDCW (Reinvestment);INF205KA1BE5;INF205K01MI3;1073.6262;;;07-Jun-2026
120534;Invesco India Liquid Fund - Direct Plan- Daily IDCW (Reinvestment);;INF205K01ME2;1005.8604;;;07-Jun-2026
104486;Invesco India Liquid Fund - Growth;INF205K01HM5;;3795.4713;;;07-Jun-2026
104492;Invesco India Liquid Fund - Monthly IDCW (Payout / Reinvestment);INF205K01HQ6;INF205K01HP8;1005.1176;;;07-Jun-2026
104488;Invesco India Liquid Fund - Regular - Growth;INF205K01HG7;;3344.8447;;;07-Jun-2026
104489;Invesco India Liquid Fund - Regular - Weekly IDCW (Reinvestment);;INF205K01HH5;1005.1694;;;07-Jun-2026
139390;Invesco India Liquid Fund - Unclaimed Dividend Plan - Above 3 Years;;;1000;;;07-Jun-2026
139389;Invesco India Liquid Fund - Unclaimed Dividend Plan - Below 3 Years;;;1815.3932;;;07-Jun-2026
139388;Invesco India Liquid Fund - Unclaimed Redemption Plan - Above 3 Years;;;1000;;;07-Jun-2026
139387;Invesco India Liquid Fund - Unclaimed Redemption Plan - Below 3 years;;;1814.9887;;;07-Jun-2026
104485;Invesco India Liquid Fund - Weekly IDCW (Reinvestment);INF205KA1BD7;INF205K01HO1;1019.7506;;;07-Jun-2026

ITI Mutual Fund
147161;ITI Liquid Fund - Direct Plan - Annually IDCW Option;INF00XX01366;INF00XX01333;1451.9318;;;07-Jun-2026
147158;ITI Liquid Fund - Direct Plan - Daily IDCW Option;;INF00XX01291;1000.7386;;;07-Jun-2026
147160;ITI Liquid Fund - Direct Plan - Fortnightly IDCW Option;INF00XX01341;INF00XX01317;1002.9005;;;07-Jun-2026
147157;ITI Liquid Fund - Direct Plan - Growth Option;INF00XX01283;;1450.0075;;;07-Jun-2026
147163;ITI Liquid Fund - Direct Plan - Monthly IDCW Option;INF00XX01358;INF00XX01325;1002.9016;;;07-Jun-2026
147159;ITI Liquid Fund - Direct Plan - Weekly IDCW Option;;INF00XX01309;1001.8512;;;07-Jun-2026
147162;ITI Liquid Fund - Regular Plan - Annually IDCW Option;INF00XX01275;INF00XX01242;1444.8052;;;07-Jun-2026
147154;ITI Liquid Fund - Regular Plan - Daily IDCW Option;;INF00XX01200;1001.0000;;;07-Jun-2026
147153;ITI Liquid Fund - Regular Plan - Growth Option;INF00XX01192;;1435.8232;;;07-Jun-2026
147156;ITI Liquid Fund - Regular Plan - Monthly IDCW Option;INF00XX01267;INF00XX01234;1001.1538;;;07-Jun-2026
147164;ITI Liquid Fund - Regular Plan - Weekly IDCW Option;;INF00XX01218;1001.8407;;;07-Jun-2026

Jio BlackRock Mutual Fund
153651;JioBlackRock Liquid Fund - Direct Plan - Growth Option;INF22M001010;;1058.2791;;;07-Jun-2026

JM Financial Mutual Fund
120411;JM Liquid Fund (Direct) - Daily IDCW;;INF192K01CH6;10.4302;;;07-Jun-2026
120406;JM Liquid Fund (Direct) - Growth Option;INF192K01CM6;;76.1397;;;07-Jun-2026
120408;JM Liquid Fund (Direct) - Quarterly IDCW;INF192K01CK0;INF192K01CL8;43.2276;;;07-Jun-2026
120407;JM Liquid Fund (Direct) - Weekly IDCW;INF192K01CI4;INF192K01CJ2;11.0171;;;07-Jun-2026
100244;JM Liquid Fund (Regular) - Quarterly IDCW;INF192K01866;INF192K01874;42.5997;;;07-Jun-2026
100247;JM Liquid Fund (Regular) - Super Institutional Plan - Growth Option;INF192K01981;;43.2734;;;07-Jun-2026
100233;JM Liquid Fund (Regular) - Weekly IDCW;INF192K01841;INF192K01858;11.0144;;;07-Jun-2026
100234;JM Liquid Fund - Growth Option;INF192K01882;;75.2631;;;07-Jun-2026
148414;JM Liquid Fund - Unclaimed Application Refund Amount I.E.F. (Direct) - Growth Plan;;;41.4437;;;07-Jun-2026
148413;JM Liquid Fund - Unclaimed Brokerage I.E.F. (Direct) - Growth Plan;;;41.4437;;;07-Jun-2026
101549;JM Liquid Fund (Regular) - Bonus Option - Principal Units;INF192K01890;;24.0995;;;07-Jun-2026
101078;JM Liquid Fund (Regular) - Daily IDCW;;INF192K01833;10.4302;;;07-Jun-2026

Kotak Mahindra Mutual Fund
119764;Kotak Liquid Fund - Direct Plan - Daily Reinvestment of Income Distribution cum capital withdrawal option;;INF174K01NH1;1222.81;;;07-Jun-2026
119766;Kotak Liquid Fund - Direct Plan - Growth;INF174K01NE8;;5638.3151;;;07-Jun-2026
153585;Kotak Liquid Fund - Direct Plan - Weekly - Reinvestment & Payout of Income Distribution cum capital withdrawal option;INF174KA1WL3;INF174KA1WJ7;1001.39;;;07-Jun-2026
100833;Kotak Liquid Fund - Regular  - Daily Reinvestment of Income Distribution cum capital withdrawal option;;INF174K01NL3;1263.2031;;;07-Jun-2026
100835;Kotak Liquid Fund - Regular Plan - Growth;INF174K01NI9;;5579.2962;;;07-Jun-2026
153586;Kotak Liquid Fund - Regular Plan - Weekly - Reinvestment & Payout of Income Distribution cum capital withdrawal option;INF174KA1WK5;INF174KA1WM1;1036.492;;;07-Jun-2026

LIC Mutual Fund
120248;LIC MF Liquid Fund-Direct Plan-Daily IDCW;INF767K01DL5;INF767K01DM3;1035.2975;;;07-Jun-2026
120249;LIC MF Liquid Fund-Direct Plan-Growth;INF767K01DN1;;5066.863;;;07-Jun-2026
151930;LIC MF Liquid Fund-Direct Plan-Monthly IDCW;INF397L01AK7;INF397L01AJ9;1229.9581;;;07-Jun-2026
151932;LIC MF Liquid Fund-Direct Plan-Weekly IDCW;INF397L01AM3;INF397L01AL5;1098.6111;;;07-Jun-2026
101184;LIC MF Liquid Fund-Regular Plan-Daily IDCW;INF767K01IQ3;INF767K01IR1;1000.1751;;;07-Jun-2026
101185;LIC MF Liquid Fund-Regular Plan-Growth;INF767K01IS9;;4990.8571;;;07-Jun-2026
151928;LIC MF Liquid Fund-Regular Plan-Monthly IDCW;INF397L01976;INF397L01968;1209.0955;;;07-Jun-2026
151927;LIC MF Liquid Fund-Regular Plan-Weekly IDCW;INF397L01950;INF397L01943;1003.2151;;;07-Jun-2026

Mahindra Manulife Mutual Fund
139535;Mahindra Manulife Liquid Fund - Direct Plan - Daily IDCW;;INF174V01051;1276.4149;;;07-Jun-2026
139536;Mahindra Manulife Liquid Fund - Direct Plan - Weekly IDCW;;INF174V01069;1003.5159;;;07-Jun-2026
139538;Mahindra Manulife Liquid Fund - Direct Plan -Growth;INF174V01044;;1817.9566;;;07-Jun-2026
139534;Mahindra Manulife Liquid Fund - Regular Plan - Daily IDCW;;INF174V01028;1001.7781;;;07-Jun-2026
139537;Mahindra Manulife Liquid Fund - Regular Plan - Growth;INF174V01010;;1796.8094;;;07-Jun-2026
139541;Mahindra Manulife Liquid Fund - Regular Plan - Weekly IDCW;;INF174V01036;1009.9270;;;07-Jun-2026

Mirae Asset Mutual Fund
118859;Mirae Asset Liquid Fund - Direct Plan - Growth;INF769K01CM1;;2946.8766;;;07-Jun-2026
118862;Mirae Asset Liquid Fund - Direct Plan - Weekly IDCW;INF769K01PD2;INF769K01CP4;1217.2738;;;07-Jun-2026
118861;Mirae Asset Liquid Fund - Direct Plan -Daily IDCW;;INF769K01CO7;1075.8332;;;07-Jun-2026
118860;Mirae Asset Liquid Fund - Direct Plan -Monthly IDCW;INF769K01CN9;INF769K01CQ2;1137.5224;;;07-Jun-2026
111647;Mirae Asset Liquid Fund - Regular - Daily IDCW;;INF769K01804;1066.4347;;;07-Jun-2026
111646;Mirae Asset Liquid Fund - Regular Plan - Growth;INF769K01788;;2893.9806;;;07-Jun-2026
111645;Mirae Asset Liquid Fund - Regular Plan - Monthly IDCW;INF769K01838;INF769K01820;1155.1785;;;07-Jun-2026
111644;Mirae Asset Liquid Fund - Regular Plan - Weekly IDCW;INF769K01PC4;INF769K01812;1153.5466;;;07-Jun-2026

Motilal Oswal Mutual Fund
145834;Motilal Oswal Liquid Fund - Direct Growth;INF247L01734;;14.7064;;;07-Jun-2026
145946;Motilal Oswal Liquid Fund - Regular Growth;INF247L01726;;14.5363;;;07-Jun-2026
147442;Motilal Oswal Liquid Fund - Unclaimed Dividend - Greater than 3 years;;;10.0000;;;07-Jun-2026
147441;Motilal Oswal Liquid Fund - Unclaimed Dividend- Upto 3 years;;;14.3236;;;07-Jun-2026
147443;Motilal Oswal Liquid Fund - Unclaimed Redemption - Greater than 3 years;;;10.0000;;;07-Jun-2026
147444;Motilal Oswal Liquid Fund - Unclaimed Redemption - Upto 3 years;;;14.0385;;;07-Jun-2026
146218;Motilal Oswal Liquid Fund Direct - IDCW  Quarterly Payout/Reinvestment;INF247L01791;INF247L01783;10.2430;;;07-Jun-2026
146226;Motilal Oswal Liquid Fund Direct - IDCW Fortnightly Reinvestment;;INF247L01759;10.0347;;;07-Jun-2026
146223;Motilal Oswal Liquid Fund Direct - IDCW Monthly Payout/Reinvestment;INF247L01775;INF247L01767;10.0476;;;07-Jun-2026
146228;Motilal Oswal Liquid Fund Direct - IDCW Reinvestment;;INF247L01742;10.0077;;;07-Jun-2026
146229;Motilal Oswal Liquid Fund Direct - IDCW Weekly Reinvestment;;INF247L01809;10.0093;;;07-Jun-2026
146227;Motilal Oswal Liquid Fund Regular - IDCW Daily Reinvestment;;INF247L01817;10.0055;;;07-Jun-2026
146230;Motilal Oswal Liquid Fund Regular - IDCW Fortnightly Reinvestment;;INF247L01825;10.0337;;;07-Jun-2026
146220;Motilal Oswal Liquid Fund Regular - IDCW Monthly Payout/Reinvestment;INF247L01841;INF247L01833;10.0471;;;07-Jun-2026
146222;Motilal Oswal Liquid Fund Regular - IDCW Quarterly Payout/Reinvestment;INF247L01866;INF247L01858;10.2346;;;07-Jun-2026
146224;Motilal Oswal Liquid Fund Regular - IDCW Weekly Reinvestment;;INF247L01874;10.0164;;;07-Jun-2026

Navi Mutual Fund
119163;Navi Liquid Fund - Direct Plan Daily IDCW - ReInvestment;;INF959L01GK1;10.0129;;;07-Jun-2026
119161;Navi Liquid Fund - Direct Plan Monthly IDCW - Payout;INF959L01GG9;INF959L01GH7;10.0289;;;07-Jun-2026
119162;Navi Liquid Fund - Direct Plan Weekly IDCW - Payout;INF959L01GI5;INF959L01GJ3;10.0157;;;07-Jun-2026
112645;Navi Liquid Fund - Regular Plan Daily IDCW;;INF959L01GM7;10.0129;;;07-Jun-2026
112647;Navi Liquid Fund - Regular Plan Monthly IDCW;INF959L01GN5;INF959L01GO3;10.0287;;;07-Jun-2026
112646;Navi Liquid Fund - Regular Plan Weekly IDCW;INF959L01GP0;INF959L01GQ8;10.016;;;07-Jun-2026
119164;Navi Liquid Fund-Direct Plan-Growth Option;INF959L01GF1;;30.1687;;;07-Jun-2026
112636;Navi Liquid Fund-Regular Plan-Growth Option;INF959L01GL9;;29.888;;;07-Jun-2026
140437;Navi Liquid Fund-Unclaimed Redemption and Dividend Plan greater than 3 years;INF959L01CO2;;10;;;07-Jun-2026
139386;Navi Liquid Fund-Unclaimed Redemption and Dividend Plan less than 3 years;INF959L01CN4;;30.0667;;;07-Jun-2026

Nippon India Mutual Fund
100852;NIPPON INDIA LIQUID FUND - DAILY IDCW OPTION;;INF204K01UM1;1528.7400;;;07-Jun-2026
118695;NIPPON INDIA LIQUID FUND - DIRECT Plan - DAILY IDCW OPTION;;INF204K01ZG2;1528.7400;;;07-Jun-2026
118696;NIPPON INDIA LIQUID FUND - DIRECT Plan - MONTHLY IDCW OPTION;INF204K01ZI8;INF204K01ZJ6;1591.3697;;;07-Jun-2026
118698;NIPPON INDIA LIQUID FUND - DIRECT Plan - QUARTERLY IDCW OPTION;INF204K01ZK4;INF204K01ZL2;1018.8996;;;07-Jun-2026
118700;NIPPON INDIA LIQUID FUND - DIRECT Plan - WEEKLY IDCW OPTION;INF204KC1FN6;INF204K01ZM0;1531.6766;;;07-Jun-2026
118701;Nippon India Liquid Fund - Direct Plan Growth Plan - Growth Option;INF204K01ZH0;;6832.9966;;;07-Jun-2026
100855;NIPPON INDIA LIQUID FUND - MONTHLY IDCW OPTION;INF204K01UO7;INF204K01UP4;1587.9825;;;07-Jun-2026
112340;NIPPON INDIA LIQUID FUND - QUARTERLY IDCW OPTION;INF204K01UQ2;INF204K01UR0;1018.5156;;;07-Jun-2026
100837;Nippon India Liquid Fund - Retail Option - Growth Plan;INF204K01UL3;;5970.9647;;;07-Jun-2026
100842;NIPPON INDIA LIQUID FUND - RETAIL Plan - DAILY IDCW OPTION;;INF204K01UJ7;1524.2800;;;07-Jun-2026
100843;NIPPON INDIA LIQUID FUND - RETAIL plan - MONTHLY IDCW OPTION;INF204K01UT6;INF204K01UU4;1329.8947;;;07-Jun-2026
100844;NIPPON INDIA LIQUID FUND - RETAIL Plan - QUARTERLY IDCW OPTION;INF204K01UV2;INF204K01UW0;1237.3511;;;07-Jun-2026
100838;NIPPON INDIA LIQUID FUND - RETAIL Plan - WEEKLY IDCW OPTION;;INF204K01UK5;1035.0644;;;07-Jun-2026
100853;NIPPON INDIA LIQUID FUND - WEEKLY IDCW OPTION;INF204KC1FM8;INF204K01US8;1531.6551;;;07-Jun-2026
100851;Nippon India Liquid Fund -Growth Plan;INF204K01UN9;;6738.2001;;;07-Jun-2026

PGIM India Mutual Fund
138285;PGIM India Liquid Fund - Daily Dividend;;INF223J01BO9;100.304;;;07-Jun-2026
138297;PGIM India Liquid Fund - Direct Plan - Daily Dividend;INF223J01NR7;;129.7922;;;07-Jun-2026
138299;PGIM India Liquid Fund - Direct Plan - Growth;INF223J01NS5;;364.1876;;;07-Jun-2026
138298;PGIM India Liquid Fund - Direct Plan - Monthly Dividend;INF223J01NT3;INF223J01NU1;116.2493;;;07-Jun-2026
138301;PGIM India Liquid Fund - Direct Plan - Weekly Dividend;INF223J01NV9;INF223J01NW7;100.5394;;;07-Jun-2026
138288;PGIM India Liquid Fund - Growth;INF223J01BP6;;359.5249;;;07-Jun-2026
138287;PGIM India Liquid Fund - Monthly Dividend;INF223J01BL5;;116.6858;;;07-Jun-2026
138289;PGIM India Liquid Fund - Weekly Dividend;INF223J01BU6;;100.5388;;;07-Jun-2026

PPFAS Mutual Fund
143263;Parag Parikh Liquid Fund- Direct Plan- Daily Reinvestment of IDCW;;INF879O01118;1000.5405;;;07-Jun-2026
143269;Parag Parikh Liquid Fund- Direct Plan- Growth;INF879O01068;;1543.3947;;;07-Jun-2026
143262;Parag Parikh Liquid Fund- Direct Plan- Monthly IDCW;INF879O01076;INF879O01084;1005.4600;;;07-Jun-2026
143265;Parag Parikh Liquid Fund- Direct Plan- Weekly Reinvestment of IDCW;;INF879O01134;1002.1865;;;07-Jun-2026
143264;Parag Parikh Liquid Fund- Regular Plan- Daily Reinvestment of IDCW;;INF879O01126;1000.5404;;;07-Jun-2026
143260;Parag Parikh Liquid Fund- Regular Plan- Growth;INF879O01035;;1530.8862;;;07-Jun-2026
143261;Parag Parikh Liquid Fund- Regular Plan- Monthly IDCW;INF879O01043;INF879O01050;1005.4279;;;07-Jun-2026
143266;Parag Parikh Liquid Fund- Regular Plan- Weekly Reinvestment of IDCW;;INF879O01142;1002.1715;;;07-Jun-2026

quant Mutual Fund
120837;quant Liquid Fund - Growth Option - Direct Plan;INF966L01820;;44.7432;;;07-Jun-2026
103225;quant Liquid Fund - Growth Option - Regular Plan;INF966L01317;;43.4827;;;07-Jun-2026
120838;quant Liquid Fund - Monthly IDCW Option - Direct Plan;INF966L01796;INF966L01812;15.7742;;;07-Jun-2026
103228;quant Liquid Fund - Monthly IDCW Option - Regular Plan;INF966L01291;INF966L01309;15.1817;;;07-Jun-2026
120839;quant Liquid Fund - Weekly IDCW Option - Direct Plan;INF966L01788;INF966L01804;14.6833;;;07-Jun-2026
103227;quant Liquid Fund - Weekly IDCW Option - Regular Plan;INF966L01499;INF966L01283;14.504;;;07-Jun-2026
120836;quant Liquid Fund-Daily IDCW Option - Direct Plan;;INF966L01770;13.1822;;;07-Jun-2026
103226;quant Liquid Fund-Daily IDCW Option - Regular Plan;;INF966L01275;12.6554;;;07-Jun-2026

Quantum Mutual Fund
103736;Quantum Liquid Fund - Direct Plan Daily IDCW;;INF082J01135;10.0085;;;07-Jun-2026
103734;Quantum Liquid Fund - Direct Plan Growth Option;INF082J01127;;37.1318;;;07-Jun-2026
103735;Quantum Liquid Fund - Direct Plan Monthly IDCW;INF082J01143;INF082J01200;10.0336;;;07-Jun-2026
141065;Quantum Liquid Fund - Regular Plan Daily IDCW;;INF082J01317;10.0002;;;07-Jun-2026
141066;Quantum Liquid Fund - Regular Plan Growth Option;INF082J01309;;36.8345;;;07-Jun-2026
141067;Quantum Liquid Fund - Regular Plan Monthly IDCW;INF082J01325;INF082J01333;10.0301;;;07-Jun-2026
152299;Quantum Liquid Fund - Unclaimed IDCW Plan Above 3 years;;;10.0000;;;07-Jun-2026
152298;Quantum Liquid Fund - Unclaimed IDCW Plan Below 3 years;;;11.6742;;;07-Jun-2026
152301;Quantum Liquid Fund - Unclaimed Redemption Plan Above 3 years;;;10.0000;;;07-Jun-2026
152300;Quantum Liquid Fund - Unclaimed Redemption Plan Below 3 years;;;11.2057;;;07-Jun-2026

SBI Mutual Fund
119804;SBI Liquid Fund - Direct Paln - Fortnightly Income Distribution cum Capital Withdrawal Option (IDCW);INF200K01UR8;INF200K01US6;1424.6449;;;07-Jun-2026
119805;SBI Liquid Fund - Direct Plan - Daily Income Distribution cum Capital Withdrawal Option (IDCW);;INF200K01UQ0;1144.0484;;;07-Jun-2026
119799;SBI Liquid Fund - Direct Plan - Weekly Income Distribution cum Capital Withdrawal Option (IDCW);INF200K01UU2;INF200K01UV0;1385.9797;;;07-Jun-2026
119800;SBI Liquid Fund - DIRECT PLAN -Growth;INF200K01UT4;;4362.7121;;;07-Jun-2026
105274;SBI Liquid Fund - Institutional - Growth;INF200K01LU1;;4355.3449;;;07-Jun-2026
105275;SBI Liquid Fund - Institutional Daily Income Distribution cum Capital Withdrawal Option (IDCW);;INF200K01LR7;1399.2146;;;07-Jun-2026
105281;SBI Liquid Fund - Regular Plan - Daily Income Distribution cum Capital Withdrawal Option (IDCW);;INF200K01LX5;1140.7391;;;07-Jun-2026
105283;SBI Liquid Fund - Regular Plan - Fortnightly Income Distribution cum Capital Withdrawal Option (IDCW);INF200K01LY3;INF200K01LZ0;1415.9524;;;07-Jun-2026
105282;SBI Liquid Fund - Regular Plan - Weekly Income Distribution cum Capital Withdrawal Option (IDCW);INF200K01MB9;INF200K01MC7;1379.0813;;;07-Jun-2026
105280;SBI Liquid Fund - REGULAR PLAN -Growth;INF200K01MA1;;4314.5437;;;07-Jun-2026

Shriram Mutual Fund
153035;Shriram Liquid Fund - Direct Plan Growth Option;INF680P01430;;1102.4227;;;07-Jun-2026
153036;Shriram Liquid Fund - Regular Plan Growth Option;INF680P01448;;1100.0131;;;07-Jun-2026
153282;Shriram Unclaimed IDCW Liquid Fund;;;1075.2009;;;07-Jun-2026
153283;Shriram Unclaimed IDCW Stable Scheme Liquid Fund;;;1000;;;07-Jun-2026
153280;Shriram Unclaimed Redemption Liquid Fund;;;1087.6701;;;07-Jun-2026
153281;Shriram Unclaimed Redemption Stable Scheme Liquid Fund;;;1000;;;07-Jun-2026

Sundaram Mutual Fund
149664;Sundaram Liquid Fund (Formerly Known as Principal Cash Management Fund) - Direct Plan - Growth Option;INF173K01GU0;;2465.8056;;;07-Jun-2026
149660;Sundaram Liquid Fund (Formerly Known as Principal Cash Management Fund) - Regular Plan IDCW;INF173K01DD3;INF173K01DE1;1042.0430;;;07-Jun-2026
149662;Sundaram Liquid Fund (Formerly Known as Principal Cash Management Fund) -Direct Plan - IDCW;INF173K01GV8;INF173K01GW6;1044.8065;;;07-Jun-2026
149661;Sundaram Liquid Fund (Formerly Known as Principal Cash Management Fund) -Growth Option;INF173K01DA9;;2432.7587;;;07-Jun-2026

Tata Mutual Fund
153689;Tata Liquid Fund - Direct Plan - Weekly IDCW Reinvestment;;INF277KA1EE2;1059.3071;;;07-Jun-2026
153688;Tata Liquid Fund - Regular Plan - Weekly IDCW Reinvestment;;INF277KA1EF9;1054.4460;;;07-Jun-2026
102672;Tata Liquid Fund -Regular Plan - Growth Option;INF277K01YD8;;4349.0113;;;07-Jun-2026
119862;Tata Liquid Fund- Direct Plan - Daily Reinvestment of IDCW Option;;INF277K012D2;1001.5187;;;07-Jun-2026
119861;Tata Liquid Fund- Direct Plan-Growth Option;INF277K01YE6;;4406.1331;;;07-Jun-2026
101714;Tata Liquid Fund- Regular Plan - Daily Reinvestment of IDCW Option;;INF277K011D4;1001.5157;;;07-Jun-2026

The Wealth Company Mutual Fund
153887;THE WEALTH COMPANY LIQUID FUND DIRECT DAILY ICDW;;INF2F0001073;1002;;;07-Jun-2026
153883;THE WEALTH COMPANY LIQUID FUND DIRECT GROWTH;INF2F0001081;;1042.1198;;;07-Jun-2026
153884;THE WEALTH COMPANY LIQUID FUND DIRECT MONTHLY IDCW;INF2F0001107;INF2F0001099;1004.7109;;;07-Jun-2026
153889;THE WEALTH COMPANY LIQUID FUND DIRECT WEEKLY;INF2F0001123;INF2F0001115;1003.2984;;;07-Jun-2026
153886;THE WEALTH COMPANY LIQUID FUND REGULAR DAILY IDCW;;INF2F0001131;1002;;;07-Jun-2026
153888;THE WEALTH COMPANY LIQUID FUND REGULAR GROWTH;INF2F0001149;;1041.0527;;;07-Jun-2026
153890;THE WEALTH COMPANY LIQUID FUND REGULAR MONTHLY IDCW;INF2F0001164;INF2F0001156;1004.6169;;;07-Jun-2026
153885;THE WEALTH COMPANY LIQUID FUND REGULAR WEEKLY IDCW;INF2F0001180;INF2F0001172;1003.2597;;;07-Jun-2026

Trust Mutual Fund
148842;TRUSTMF Liquid Fund-Direct Plan-Daily Income Distribution cum Capital Withdrawal;;INF0GCD01263;1280.2490;;;07-Jun-2026
148841;TRUSTMF Liquid Fund-Direct Plan-Growth;INF0GCD01255;;1350.9479;;;07-Jun-2026
148839;TRUSTMF Liquid Fund-Direct Plan-Monthly Income Distribution cum Capital Withdrawal;INF0GCD01305;INF0GCD01297;1209.1188;;;07-Jun-2026
148837;TRUSTMF Liquid Fund-Direct Plan-Weekly Income Distribution cum Capital Withdrawal;INF0GCD01271;INF0GCD01289;1236.8252;;;07-Jun-2026
148834;TRUSTMF Liquid Fund-Regular Plan-Daily Income Distribution cum Capital Withdrawal;;INF0GCD01206;1209.2857;;;07-Jun-2026
148833;TRUSTMF Liquid Fund-Regular Plan-Growth;INF0GCD01198;;1340.5098;;;07-Jun-2026
148843;TRUSTMF Liquid Fund-Regular Plan-Monthly Income Distribution cum Capital Withdrawal;INF0GCD01248;INF0GCD01230;1199.8011;;;07-Jun-2026
148836;TRUSTMF Liquid Fund-Regular Plan-Weekly Income Distribution cum Capital Withdrawal;INF0GCD01214;INF0GCD01222;1184.6436;;;07-Jun-2026

Unifi Mutual Fund
153570;Unifi Liquid Fund- Direct Growth;INF1MIY01056;;1060.3869;;;07-Jun-2026
153571;Unifi Liquid Fund- Regular Growth;INF1MIY01064;;1059.7555;;;07-Jun-2026

Union Mutual Fund
115401;Union Liquid Fund - Daily IDCW Option;;INF582M01021;1001.4576;;;07-Jun-2026
119301;Union Liquid Fund - Direct Plan - Daily IDCW Option;;INF582M01682;1001.5520;;;07-Jun-2026
119305;Union Liquid Fund - Direct Plan - Fortnightly IDCW Option;INF582M01724;INF582M01708;1003.6688;;;07-Jun-2026
119303;Union Liquid Fund - Direct Plan - Growth Option;INF582M01674;;2692.4299;;;07-Jun-2026
119302;Union Liquid Fund - Direct Plan - Monthly IDCW Option;INF582M01732;INF582M01716;1003.5561;;;07-Jun-2026
119304;Union Liquid Fund - Direct Plan - Weekly IDCW Option;;INF582M01690;1002.4027;;;07-Jun-2026
115399;Union Liquid Fund - Fortnightly IDCW Option;INF582M01062;INF582M01047;1003.6207;;;07-Jun-2026
115398;Union Liquid Fund - Growth Option;INF582M01013;;2657.3268;;;07-Jun-2026
115400;Union Liquid Fund - Monthly IDCW Option;INF582M01070;INF582M01054;1003.1055;;;07-Jun-2026
115402;Union Liquid Fund - Weekly IDCW Option;;INF582M01039;1002.6443;;;07-Jun-2026

UTI Mutual Fund
134427;UTI Liquid Fund - Direct Plan - Annual IDCW;INF789FA1K63;INF789FA1K71;2012.6205;;;07-Jun-2026
120558;UTI Liquid Fund - Direct Plan - Daily IDCW (Reinvestment);;INF789F01XP8;1065.3037;;;07-Jun-2026
141768;UTI Liquid Fund - Direct Plan - Flexi IDCW;INF789FA1K89;INF789FA1K97;1657.6846;;;07-Jun-2026
140913;UTI Liquid Fund - Direct Plan - Fortnightly IDCW;INF789FA1K06;INF789FA1K14;1157.8135;;;07-Jun-2026
140504;UTI Liquid Fund - Direct Plan - Half-Yearly IDCW;INF789FA1K48;INF789FA1K55;1572.1192;;;07-Jun-2026
120794;UTI Liquid Fund - Direct Plan - Monthly IDCW;INF789F01XR4;INF789F01XS2;1044.6348;;;07-Jun-2026
140024;UTI Liquid Fund - Direct Plan - Quarterly IDCW;INF789FA1K22;INF789FA1K30;1900.7825;;;07-Jun-2026
120777;UTI Liquid Fund - Direct Plan - Weekly IDCW;;INF789F01XT0;1071.5439;;;07-Jun-2026
133973;UTI Liquid Fund - Regular Plan - Annual IDCW;INF789FA1J66;INF789FA1J74;1998.0124;;;07-Jun-2026
102010;UTI Liquid Fund - Regular Plan - Daily IDCW (Reinvestment);;INF789F01PG3;1192.7767;;;07-Jun-2026
140517;UTI Liquid Fund - Regular Plan - Flexi IDCW;INF789FA1J82;INF789FA1J90;1646.7178;;;07-Jun-2026
139838;UTI Liquid Fund - Regular Plan - Fortnightly IDCW;INF789FA1J09;INF789FA1J17;1156.9483;;;07-Jun-2026
144475;UTI Liquid Fund - Regular Plan - Half-Yearly IDCW;INF789FA1J41;INF789FA1J58;1391.4112;;;07-Jun-2026
102011;UTI Liquid Fund - Regular Plan - Monthly IDCW;INF789F01PI9;INF789F01PJ7;1126.9712;;;07-Jun-2026
135721;UTI Liquid Fund - Regular Plan - Quarterly IDCW;INF789FA1J25;INF789FA1J33;1886.5676;;;07-Jun-2026
102013;UTI Liquid Fund - Regular Plan - Weekly IDCW;;INF789F01PK5;1053.873;;;07-Jun-2026
120304;UTI-  Liquid Cash Plan - Direct Plan - Growth Option;INF789F01XQ6;;4576.3504;;;07-Jun-2026
102012;UTI-  Liquid Cash Plan - Regular Plan - Growth Option;INF789F01PH1;;4531.249;;;07-Jun-2026
102008;UTI-  Liquid Cash Plan- Discontinued - Regular Plan - Monthly Dividend Option;INF789F01BC2;INF789F01BA6;1064.3761;;;07-Jun-2026
102009;UTI-  Liquid Cash Plan- Discontinued - Regular Plan -Growth;INF789F01BB4;;4111.8369;;;07-Jun-2026
102007;UTI-  Liquid Cash Plan- Discontinued -Regular Plan Periodic Dividend Option;;INF789F01AZ5;1132.9964;;;07-Jun-2026

WhiteOak Capital Mutual Fund
145969;WhiteOak Capital Liquid Fund- Direct plan-Daily Reinvestment of Income Distribution cum capital withdrawal option (IDCW);;INF03VN01019;1001.9025;;;07-Jun-2026
145966;WhiteOak Capital Liquid Fund- Direct plan-Fortnightly Payout/ Reinvestment of Income Distribution cum capital withdrawal option (IDCW);INF03VN01027;INF03VN01035;1002.7011;;;07-Jun-2026
145971;WhiteOak Capital Liquid Fund- Direct plan-Growth Option;INF03VN01043;;1493.9221;;;07-Jun-2026
145967;WhiteOak Capital Liquid Fund- Direct plan-Monthly  Payout/ Reinvestment of Income Distribution cum capital withdrawal option (IDCW);INF03VN01050;INF03VN01068;1005.7832;;;07-Jun-2026
145970;WhiteOak Capital Liquid Fund- Direct plan-Weekly Payout/ Reinvestment of Income Distribution cum capital withdrawal option (IDCW);INF03VN01076;INF03VN01084;1003.0659;;;07-Jun-2026
145963;WhiteOak Capital Liquid Fund- Regular plan-Daily Reinvestment of Income Distribution cum capital withdrawal option (IDCW);;INF03VN01092;1001.9023;;;07-Jun-2026
145965;WhiteOak Capital Liquid Fund- Regular plan-Fortnightly Payout/ Reinvestment of Income Distribution cum capital withdrawal option (IDCW);INF03VN01100;INF03VN01118;1003.8313;;;07-Jun-2026
145968;WhiteOak Capital Liquid Fund- Regular plan-Growth Option;INF03VN01126;;1483.6042;;;07-Jun-2026
145972;WhiteOak Capital Liquid Fund- Regular plan-Monthly Payout/ Reinvestment of Income Distribution cum capital withdrawal option (IDCW);INF03VN01134;INF03VN01142;1005.3259;;;07-Jun-2026
145964;WhiteOak Capital Liquid Fund- Regular plan-Weekly Payout/ Reinvestment of Income Distribution cum capital withdrawal option (IDCW);INF03VN01159;INF03VN01167;1002.9738;;;07-Jun-2026

Open Ended Schemes ( Other Scheme - Other  ETFs )


Aditya Birla Sun Life Mutual Fund
151533;Aditya Birla Sun Life CRISIL Liquid Overnight ETF - IDCW Daily Reinvestment with Weekly Payout;INF209KB18T9;;1000.;;;07-Jun-2026

Angel One Mutual Fund
153451;ANGEL ONE NIFTY 1D RATE LIQUID ETF - GROWTH;INF1J2R01056;;1062.7111;;;07-Jun-2026

Bajaj Finserv Mutual Fund
152638;Bajaj Finserv Nifty 1D Rate Liquid ETF;INF0QA701854;;1084.7767;;;07-Jun-2026

DSP Mutual Fund
152555;DSP BSE Liquid Rate ETF;INF740KA1UM0;;1129.9176;;;07-Jun-2026
142589;DSP NIFTY 1D Rate Liquid ETF;;INF740KA1EU7;1000.0000;;;07-Jun-2026

Edelweiss Mutual Fund
153920;Edelweiss Nifty 1D Rate Liquid ETF - Growth;INF754K01VW2;;1033.9689;;;07-Jun-2026

Groww Mutual Fund
152891;Groww Nifty 1D Rate Liquid ETF;INF666M01IP5;;109.371;;;07-Jun-2026

HDFC Mutual Fund
153403;HDFC NIFTY 1D RATE LIQUID ETF GROWTH;INF179KC1JG3;;1063.813;;;07-Jun-2026

ICICI Prudential Mutual Fund
153378;ICICI Prudential BSE Liquid Rate ETF - Growth;INF109K1A021;;1065.3322;;;07-Jun-2026
144947;ICICI Prudential BSE Liquid Rate ETF - IDCW;INF109KC1KT9;;1000.0000;;;07-Jun-2026

Kotak Mahindra Mutual Fund
151358;Kotak Nifty 1D Rate Liquid ETF;INF174KA1LV5;;1107.7447;;;07-Jun-2026

Mirae Asset Mutual Fund
153045;Mirae Asset Nifty 1D Rate Liquid ETF - Growth;INF769K01MY5;;1088.7292;;;07-Jun-2026
151908;Mirae Asset Nifty 1D Rate Liquid ETF-IDCW;;INF769K01KS1;1000.0000;;;07-Jun-2026

Nippon India Mutual Fund
140086;Nippon India ETF Nifty 1D Rate Liquid BeES - DAILY IDCW Option;INF732E01037;;1000.0000;;;07-Jun-2026
153725;Nippon India Nifty 1D Rate Liquid ETF-Growth;INF204KC1FU1;;1042.4730;;;07-Jun-2026

SBI Mutual Fund
153796;SBI Nifty 1D Rate Liquid ETF - Growth;INF200KB1969;;1042.0428;;;07-Jun-2026
152168;SBI NIFTY 1D Rate Liquid ETF - IDCW;;INF200KA13Z8;1000.0000;;;07-Jun-2026

Shriram Mutual Fund
152741;Shriram Nifty 1D Rate Liquid ETF - Growth;INF680P01422;;1107.5772;;;07-Jun-2026

Zerodha Mutual Fund
152327;Zerodha Nifty 1D Rate Liquid ETF - Growth Option;INF0R8F01034;;114.4165;;;07-Jun-2026
